iso3,year,fsi_total
AFG,2011,107.5
AFG,2012,106.0
AFG,2013,106.7
AFG,2014,106.5
AFG,2015,107.9
AFG,2016,107.9
AFG,2017,107.3
AFG,2018,106.62076809859943
AFG,2019,105.0
AFG,2020,102.90118710068992
AFG,2021,102.1
AFG,2022,105.90000000000002
AFG,2023,106.60000000000001
AGO,2011,84.6
AGO,2012,85.1
AGO,2013,87.1
AGO,2014,87.4
AGO,2015,87.9
AGO,2016,90.5
AGO,2017,91.1
AGO,2018,89.44029612068627
AGO,2019,87.8
AGO,2020,87.32003902658735
AGO,2021,89.0
AGO,2022,88.10000000000001
AGO,2023,86.9
ALB,2011,66.1
ALB,2012,66.1
ALB,2013,65.2
ALB,2014,63.6
ALB,2015,61.9
ALB,2016,61.2
ALB,2017,60.5
ALB,2018,60.07930843597633
ALB,2019,58.9
ALB,2020,58.75381081040027
ALB,2021,59.00000000000001
ALB,2022,56.7
ALB,2023,56.8
ARE,2011,50.4
ARE,2012,48.9
ARE,2013,47.3
ARE,2014,47.6
ARE,2015,46.2
ARE,2016,44.5
ARE,2017,43.7
ARE,2018,42.8292445126518
ARE,2019,40.1
ARE,2020,38.099225116036195
ARE,2021,40.29999999999999
ARE,2022,39.1
ARE,2023,37.0
ARG,2011,46.8
ARG,2012,46.5
ARG,2013,46.1
ARG,2014,47.3
ARG,2015,47.6
ARG,2016,48.4
ARG,2017,48.2
ARG,2018,46.06992256962885
ARG,2019,46.0
ARG,2020,46.087950434265025
ARG,2021,50.09999999999999
ARG,2022,47.9
ARG,2023,46.4
ARM,2011,72.3
ARM,2012,72.2
ARM,2013,71.3
ARM,2014,71.3
ARM,2015,69.7
ARM,2016,69.6
ARM,2017,71.0
ARM,2018,69.5452238194412
ARM,2019,66.7
ARM,2020,64.2
ARM,2021,69.8
ARM,2022,67.00000000000001
ARM,2023,67.5
ATG,2011,59.9
ATG,2012,58.9
ATG,2013,58.0
ATG,2014,59.0
ATG,2015,57.8
ATG,2016,56.2
ATG,2017,54.8
ATG,2018,55.6110407346696
ATG,2019,54.4
ATG,2020,52.06235185360498
ATG,2021,54.9
ATG,2022,54.2
ATG,2023,53.8
AUS,2011,28.1
AUS,2012,29.2
AUS,2013,25.4
AUS,2014,26.3
AUS,2015,24.3
AUS,2016,22.5
AUS,2017,22.3
AUS,2018,20.77076600209908
AUS,2019,19.7
AUS,2020,19.746408857575208
AUS,2021,21.799999999999997
AUS,2022,22.7
AUS,2023,22.0
AUT,2011,27.3
AUT,2012,27.5
AUT,2013,26.9
AUT,2014,28.5
AUT,2015,25.8
AUT,2016,27.5
AUT,2017,27.7
AUT,2018,26.181880301496445
AUT,2019,25.0
AUT,2020,24.108703082430992
AUT,2021,26.1
AUT,2022,25.4
AUT,2023,24.399999999999995
AZE,2011,81.9
AZE,2012,79.8
AZE,2013,78.2
AZE,2014,77.8
AZE,2015,77.3
AZE,2016,76.3
AZE,2017,76.3
AZE,2018,74.63031997786744
AZE,2019,73.2
AZE,2020,71.28215920806875
AZE,2021,75.10000000000001
AZE,2022,73.10000000000001
AZE,2023,72.69999999999999
BDI,2011,98.6
BDI,2012,97.5
BDI,2013,97.6
BDI,2014,97.1
BDI,2015,98.0
BDI,2016,100.7
BDI,2017,98.9
BDI,2018,97.36424028418537
BDI,2019,98.2
BDI,2020,97.87602964557674
BDI,2021,97.10000000000001
BDI,2022,95.40000000000002
BDI,2023,94.19999999999999
BEL,2011,34.1
BEL,2012,33.5
BEL,2013,30.9
BEL,2014,32.0
BEL,2015,30.5
BEL,2016,29.0
BEL,2017,30.8
BEL,2018,29.653650451578354
BEL,2019,28.6
BEL,2020,27.098144674784415
BEL,2021,31.000000000000004
BEL,2022,31.9
BEL,2023,31.4
BEN,2011,80.0
BEN,2012,78.6
BEN,2013,77.9
BEN,2014,78.2
BEN,2015,78.8
BEN,2016,78.9
BEN,2017,77.6
BEN,2018,75.69009689938682
BEN,2019,73.6
BEN,2020,72.54479808532312
BEN,2021,72.8
BEN,2022,72.5
BEN,2023,73.30000000000001
BFA,2011,88.6
BFA,2012,87.4
BFA,2013,90.2
BFA,2014,89.0
BFA,2015,89.2
BFA,2016,89.4
BFA,2017,88.0
BFA,2018,86.5236375122382
BFA,2019,83.9
BFA,2020,85.92852306050814
BFA,2021,87.1
BFA,2022,90.5
BFA,2023,94.00000000000001
BGD,2011,94.4
BGD,2012,92.2
BGD,2013,92.5
BGD,2014,92.8
BGD,2015,91.8
BGD,2016,90.7
BGD,2017,89.1
BGD,2018,90.31281723205385
BGD,2019,87.7
BGD,2020,85.69999999999999
BGD,2021,85.0
BGD,2022,84.5
BGD,2023,85.19999999999999
BGR,2011,59.0
BGR,2012,56.3
BGR,2013,55.0
BGR,2014,54.4
BGR,2015,55.4
BGR,2016,53.7
BGR,2017,53.7
BGR,2018,51.65420796469111
BGR,2019,50.6
BGR,2020,49.17165481543572
BGR,2021,51.6
BGR,2022,51.6
BGR,2023,51.800000000000004
BHR,2011,59.0
BHR,2012,62.2
BHR,2013,62.9
BHR,2014,64.7
BHR,2015,64.4
BHR,2016,63.4
BHR,2017,64.9
BHR,2018,64.38675794712286
BHR,2019,63.8
BHR,2020,63.88791153504606
BHR,2021,66.7
BHR,2022,66.60000000000001
BHR,2023,65.1
BHS,2011,56.5
BHS,2012,55.1
BHS,2013,54.7
BHS,2014,54.1
BHS,2015,51.5
BHS,2016,51.6
BHS,2017,52.4
BHS,2018,49.99124184605109
BHS,2019,48.8
BHS,2020,49.86859355975667
BHS,2021,52.400000000000006
BHS,2022,50.6
BHS,2023,49.2
BIH,2011,80.9
BIH,2012,77.9
BIH,2013,76.5
BIH,2014,75.9
BIH,2015,77.4
BIH,2016,74.6
BIH,2017,73.0
BIH,2018,71.33654613766848
BIH,2019,71.3
BIH,2020,70.22040622293711
BIH,2021,72.89999999999999
BIH,2022,73.0
BIH,2023,72.3
BLR,2011,77.6
BLR,2012,76.6
BLR,2013,76.7
BLR,2014,75.0
BLR,2015,75.6
BLR,2016,73.9
BLR,2017,72.4
BLR,2018,70.54071433248335
BLR,2019,68.2
BLR,2020,65.75186010132514
BLR,2021,67.99999999999999
BLR,2022,68.69999999999999
BLR,2023,69.9
BLZ,2011,67.7
BLZ,2012,67.2
BLZ,2013,67.2
BLZ,2014,67.0
BLZ,2015,65.3
BLZ,2016,66.0
BLZ,2017,65.5
BLZ,2018,63.71214888532026
BLZ,2019,62.5
BLZ,2020,60.79466738189765
BLZ,2021,64.2
BLZ,2022,62.099999999999994
BLZ,2023,59.8
BOL,2011,82.9
BOL,2012,82.1
BOL,2013,80.8
BOL,2014,78.9
BOL,2015,78.1
BOL,2016,78.5
BOL,2017,76.8
BOL,2018,75.22337886150169
BOL,2019,72.9
BOL,2020,74.96686955912168
BOL,2021,74.89999999999998
BOL,2022,73.4
BOL,2023,70.7
BRA,2011,65.1
BRA,2012,64.1
BRA,2013,62.1
BRA,2014,61.4
BRA,2015,62.7
BRA,2016,65.3
BRA,2017,68.2
BRA,2018,68.7131308082741
BRA,2019,71.8
BRA,2020,72.99411372588226
BRA,2021,75.79999999999998
BRA,2022,73.9
BRA,2023,74.5
BRB,2011,52.8
BRB,2012,52.0
BRB,2013,50.8
BRB,2014,51.4
BRB,2015,49.3
BRB,2016,49.0
BRB,2017,49.6
BRB,2018,48.18332936752863
BRB,2019,48.0
BRB,2020,46.40725753500914
BRB,2021,46.99999999999999
BRB,2022,45.9
BRB,2023,45.400000000000006
BRN,2011,65.8
BRN,2012,64.1
BRN,2013,63.2
BRN,2014,63.6
BRN,2015,63.0
BRN,2016,62.0
BRN,2017,61.6
BRN,2018,59.80623958429162
BRN,2019,57.5
BRN,2020,56.60002751710281
BRN,2021,56.3
BRN,2022,55.099999999999994
BRN,2023,54.699999999999996
BTN,2011,85.0
BTN,2012,82.4
BTN,2013,81.8
BTN,2014,80.9
BTN,2015,78.7
BTN,2016,77.6
BTN,2017,76.0
BTN,2018,74.27398470769302
BTN,2019,72.0
BTN,2020,69.50902262964706
BTN,2021,68.3
BTN,2022,67.39999999999999
BTN,2023,66.4
BWA,2011,67.9
BWA,2012,66.5
BWA,2013,64.0
BWA,2014,64.5
BWA,2015,62.8
BWA,2016,63.5
BWA,2017,63.8
BWA,2018,61.98745014345976
BWA,2019,59.5
BWA,2020,57.07123296987986
BWA,2021,56.99999999999999
BWA,2022,56.1
BWA,2023,55.29999999999999
CAF,2011,105.0
CAF,2012,103.8
CAF,2013,105.3
CAF,2014,110.6
CAF,2015,111.9
CAF,2016,112.1
CAF,2017,112.6
CAF,2018,111.12634461231347
CAF,2019,108.9
CAF,2020,107.48660467238278
CAF,2021,107.0
CAF,2022,108.10000000000001
CAF,2023,105.70000000000002
CAN,2011,27.7
CAN,2012,26.8
CAN,2013,26.0
CAN,2014,27.4
CAN,2015,25.6
CAN,2016,23.8
CAN,2017,22.6
CAN,2018,21.505583938323312
CAN,2019,20.0
CAN,2020,18.668898507980952
CAN,2021,21.7
CAN,2022,20.099999999999998
CAN,2023,18.9
CHE,2011,23.2
CHE,2012,23.3
CHE,2013,21.5
CHE,2014,23.3
CHE,2015,22.3
CHE,2016,21.8
CHE,2017,21.1
CHE,2018,19.20952631375106
CHE,2019,18.7
CHE,2020,17.094085702623488
CHE,2021,19.900000000000002
CHE,2022,18.900000000000002
CHE,2023,17.799999999999997
CHL,2011,40.7
CHL,2012,43.5
CHL,2013,42.3
CHL,2014,42.0
CHL,2015,41.5
CHL,2016,41.9
CHL,2017,41.1
CHL,2018,40.69103612258534
CHL,2019,38.9
CHL,2020,42.51352691171396
CHL,2021,44.099999999999994
CHL,2022,43.199999999999996
CHL,2023,42.2
CHN,2011,80.1
CHN,2012,78.3
CHN,2013,80.9
CHN,2014,79.0
CHN,2015,76.5
CHN,2016,74.9
CHN,2017,74.7
CHN,2018,72.39504122741063
CHN,2019,71.1
CHN,2020,69.85878789983346
CHN,2021,68.89999999999999
CHN,2022,66.9
CHN,2023,65.1
CIV,2011,102.8
CIV,2012,103.6
CIV,2013,103.5
CIV,2014,101.7
CIV,2015,100.1
CIV,2016,97.9
CIV,2017,96.5
CIV,2018,94.56151916975632
CIV,2019,92.1
CIV,2020,89.72267369142226
CIV,2021,90.69999999999999
CIV,2022,89.60000000000001
CIV,2023,87.10000000000001
CMR,2011,94.6
CMR,2012,93.1
CMR,2013,93.5
CMR,2014,93.1
CMR,2015,94.3
CMR,2016,97.8
CMR,2017,95.6
CMR,2018,95.31218119378651
CMR,2019,97.0
CMR,2020,97.85508160571896
CMR,2021,97.19999999999999
CMR,2022,96.0
CMR,2023,93.99999999999999
COD,2011,108.2
COD,2012,111.2
COD,2013,111.9
COD,2014,110.2
COD,2015,109.7
COD,2016,110.0
COD,2017,110.0
COD,2018,110.67036484651267
COD,2019,110.2
COD,2020,109.39462095485345
COD,2021,108.39999999999999
COD,2022,107.29999999999998
COD,2023,107.19999999999997
COG,2011,91.4
COG,2012,90.1
COG,2013,90.0
COG,2014,89.6
COG,2015,90.8
COG,2016,92.2
COG,2017,93.4
COG,2018,93.12762985550377
COG,2019,92.5
COG,2020,92.06819972980338
COG,2021,92.39999999999999
COG,2022,92.2
COG,2023,90.7
COL,2011,87.0
COL,2012,84.4
COL,2013,83.8
COL,2014,83.1
COL,2015,82.5
COL,2016,80.2
COL,2017,78.9
COL,2018,76.62792958051614
COL,2019,75.7
COL,2020,76.61419215568088
COL,2021,79.3
COL,2022,78.39999999999999
COL,2023,78.1
COM,2011,83.8
COM,2012,83.0
COM,2013,84.0
COM,2014,85.1
COM,2015,83.3
COM,2016,83.8
COM,2017,84.8
COM,2018,82.62279134247851
COM,2019,81.7
COM,2020,81.24901232562686
COM,2021,82.49999999999999
COM,2022,82.3
COM,2023,82.2
CPV,2011,75.8
CPV,2012,74.7
CPV,2013,73.7
CPV,2014,74.1
CPV,2015,73.5
CPV,2016,71.5
CPV,2017,70.1
CPV,2018,68.00000000000001
CPV,2019,66.6
CPV,2020,64.7781708998417
CPV,2021,64.2
CPV,2022,61.4
CPV,2023,60.1
CRI,2011,50.6
CRI,2012,49.7
CRI,2013,48.7
CRI,2014,48.5
CRI,2015,46.8
CRI,2016,45.1
CRI,2017,44.1
CRI,2018,43.236723940075855
CRI,2019,42.0
CRI,2020,40.184017849675776
CRI,2021,42.49999999999999
CRI,2022,41.0
CRI,2023,40.4
CUB,2011,76.6
CUB,2012,73.1
CUB,2013,72.8
CUB,2014,70.8
CUB,2015,67.4
CUB,2016,66.3
CUB,2017,64.6
CUB,2018,62.89031679299263
CUB,2019,60.8
CUB,2020,59.227756982641615
CUB,2021,59.5
CUB,2022,60.10000000000001
CUB,2023,59.49999999999999
CYP,2011,67.6
CYP,2012,66.8
CYP,2013,67.0
CYP,2014,67.9
CYP,2015,66.2
CYP,2016,64.0
CYP,2017,62.6
CYP,2018,60.286306956278125
CYP,2019,57.8
CYP,2020,56.05796495249495
CYP,2021,57.39999999999999
CYP,2022,56.900000000000006
CYP,2023,57.0
CZE,2011,42.4
CZE,2012,39.5
CZE,2013,39.9
CZE,2014,39.4
CZE,2015,37.4
CZE,2016,40.8
CZE,2017,40.1
CZE,2018,39.047601456270876
CZE,2019,37.6
CZE,2020,35.74161611006048
CZE,2021,39.300000000000004
CZE,2022,39.89999999999999
CZE,2023,40.199999999999996
DEU,2011,33.9
DEU,2012,31.7
DEU,2013,29.7
DEU,2014,30.6
DEU,2015,28.1
DEU,2016,28.6
DEU,2017,28.1
DEU,2018,25.83337235566515
DEU,2019,24.7
DEU,2020,23.188488518886743
DEU,2021,24.8
DEU,2022,23.6
DEU,2023,24.6
DJI,2011,82.6
DJI,2012,83.8
DJI,2013,85.5
DJI,2014,87.1
DJI,2015,88.0
DJI,2016,89.7
DJI,2017,88.9
DJI,2018,87.11477754799978
DJI,2019,85.1
DJI,2020,82.72548312161723
DJI,2021,82.39999999999999
DJI,2022,81.3
DJI,2023,82.19999999999999
DNK,2011,23.8
DNK,2012,23.0
DNK,2013,21.9
DNK,2014,22.8
DNK,2015,21.4
DNK,2016,21.5
DNK,2017,21.5
DNK,2018,19.785177227543933
DNK,2019,19.5
DNK,2020,17.213586679528063
DNK,2021,18.8
DNK,2022,18.099999999999998
DNK,2023,17.900000000000002
DOM,2011,76.9
DOM,2012,74.1
DOM,2013,73.2
DOM,2014,73.4
DOM,2015,71.2
DOM,2016,70.8
DOM,2017,69.0
DOM,2018,69.19632518627424
DOM,2019,66.2
DOM,2020,64.35620204936144
DOM,2021,64.7
DOM,2022,62.800000000000004
DOM,2023,60.800000000000004
DZA,2011,78.0
DZA,2012,78.1
DZA,2013,78.7
DZA,2014,78.8
DZA,2015,79.6
DZA,2016,78.3
DZA,2017,76.8
DZA,2018,75.78505154191771
DZA,2019,75.4
DZA,2020,74.57518290066574
DZA,2021,73.6
DZA,2022,72.2
DZA,2023,69.99999999999999
ECU,2011,82.2
ECU,2012,80.1
ECU,2013,78.6
ECU,2014,77.3
ECU,2015,75.9
ECU,2016,75.6
ECU,2017,77.3
ECU,2018,74.23122556430408
ECU,2019,71.2
ECU,2020,69.40303455188986
ECU,2021,71.2
ECU,2022,69.1
ECU,2023,69.39999999999999
EGY,2011,86.8
EGY,2012,90.4
EGY,2013,90.6
EGY,2014,91.0
EGY,2015,89.9
EGY,2016,90.2
EGY,2017,89.8
EGY,2018,88.73736287679192
EGY,2019,88.4
EGY,2020,86.00613825029183
EGY,2021,85.0
EGY,2022,83.60000000000001
EGY,2023,81.6
ERI,2011,93.6
ERI,2012,94.5
ERI,2013,95.0
ERI,2014,95.5
ERI,2015,96.9
ERI,2016,98.6
ERI,2017,98.1
ERI,2018,97.20823903623204
ERI,2019,96.4
ERI,2020,95.8442307280238
ERI,2021,97.00000000000001
ERI,2022,95.90000000000002
ERI,2023,94.49999999999999
ESP,2011,43.1
ESP,2012,42.8
ESP,2013,44.4
ESP,2014,43.1
ESP,2015,40.9
ESP,2016,39.8
ESP,2017,37.9
ESP,2018,41.38298112031969
ESP,2019,40.7
ESP,2020,40.35163335620069
ESP,2021,44.800000000000004
ESP,2022,44.4
ESP,2023,43.49999999999999
EST,2011,49.3
EST,2012,47.5
EST,2013,45.3
EST,2014,45.2
EST,2015,43.7
EST,2016,43.4
EST,2017,44.7
EST,2018,42.990053644081904
EST,2019,40.8
EST,2020,38.52345451018706
EST,2021,39.50000000000001
EST,2022,37.699999999999996
EST,2023,38.6
ETH,2011,98.2
ETH,2012,97.9
ETH,2013,98.9
ETH,2014,97.9
ETH,2015,97.5
ETH,2016,97.2
ETH,2017,101.1
ETH,2018,99.56909778499838
ETH,2019,94.2
ETH,2020,94.59577634557802
ETH,2021,99.00000000000001
ETH,2022,99.30000000000001
ETH,2023,100.39999999999999
FIN,2011,19.7
FIN,2012,20.0
FIN,2013,18.0
FIN,2014,18.7
FIN,2015,17.7
FIN,2016,18.8
FIN,2017,18.7
FIN,2018,17.934251926521828
FIN,2019,16.9
FIN,2020,14.626666190916625
FIN,2021,16.2
FIN,2022,15.100000000000003
FIN,2023,16.0
FJI,2011,81.1
FJI,2012,80.5
FJI,2013,80.8
FJI,2014,79.0
FJI,2015,76.7
FJI,2016,76.2
FJI,2017,76.9
FJI,2018,74.51822129476686
FJI,2019,71.7
FJI,2020,69.85212211648623
FJI,2021,70.4
FJI,2022,68.9
FJI,2023,70.19999999999999
FRA,2011,34.0
FRA,2012,33.6
FRA,2013,32.6
FRA,2014,34.8
FRA,2015,33.7
FRA,2016,34.5
FRA,2017,33.5
FRA,2018,32.22701109659329
FRA,2019,32.0
FRA,2020,30.481111070323838
FRA,2021,32.5
FRA,2022,30.900000000000002
FRA,2023,28.799999999999997
FSM,2011,71.9
FSM,2012,71.9
FSM,2013,72.9
FSM,2014,74.6
FSM,2015,73.5
FSM,2016,77.1
FSM,2017,76.4
FSM,2018,74.4370879237946
FSM,2019,73.0
FSM,2020,71.23563007855653
FSM,2021,71.7
FSM,2022,71.0
FSM,2023,69.30000000000001
GAB,2011,75.3
GAB,2012,74.6
GAB,2013,72.9
GAB,2014,72.2
GAB,2015,71.2
GAB,2016,72.0
GAB,2017,73.8
GAB,2018,72.47628284232633
GAB,2019,70.5
GAB,2020,69.08700133545015
GAB,2021,67.4
GAB,2022,66.7
GAB,2023,65.50000000000001
GBR,2011,34.1
GBR,2012,35.3
GBR,2013,33.2
GBR,2014,34.3
GBR,2015,33.4
GBR,2016,32.4
GBR,2017,33.2
GBR,2018,34.29882224337588
GBR,2019,36.7
GBR,2020,38.260475361020404
GBR,2021,41.50000000000001
GBR,2022,40.599999999999994
GBR,2023,41.9
GEO,2011,86.4
GEO,2012,84.8
GEO,2013,84.2
GEO,2014,82.7
GEO,2015,79.2
GEO,2016,78.9
GEO,2017,76.5
GEO,2018,74.00003923403446
GEO,2019,72.0
GEO,2020,71.15229518395927
GEO,2021,72.6
GEO,2022,71.8
GEO,2023,71.89999999999999
GHA,2011,67.7
GHA,2012,67.5
GHA,2013,69.1
GHA,2014,70.7
GHA,2015,71.8
GHA,2016,71.2
GHA,2017,69.7
GHA,2018,68.1221863165064
GHA,2019,65.9
GHA,2020,64.15816913182405
GHA,2021,63.900000000000006
GHA,2022,63.0
GHA,2023,62.29999999999999
GIN,2011,102.5
GIN,2012,101.9
GIN,2013,101.3
GIN,2014,102.7
GIN,2015,104.9
GIN,2016,103.8
GIN,2017,102.4
GIN,2018,101.6167424753827
GIN,2019,99.4
GIN,2020,97.16761117146424
GIN,2021,97.39999999999999
GIN,2022,99.6
GIN,2023,98.50000000000001
GMB,2011,80.9
GMB,2012,80.6
GMB,2013,81.8
GMB,2014,83.1
GMB,2015,85.4
GMB,2016,86.8
GMB,2017,89.4
GMB,2018,87.06418531960836
GMB,2019,83.9
GMB,2020,82.21463956781182
GMB,2021,80.5
GMB,2022,78.6
GMB,2023,76.10000000000001
GNB,2011,98.3
GNB,2012,99.2
GNB,2013,101.1
GNB,2014,100.6
GNB,2015,99.9
GNB,2016,99.8
GNB,2017,99.5
GNB,2018,98.09458991085195
GNB,2019,95.5
GNB,2020,92.90207550854626
GNB,2021,91.99999999999999
GNB,2022,91.3
GNB,2023,89.90000000000002
GNQ,2011,88.1
GNQ,2012,86.3
GNQ,2013,86.1
GNQ,2014,85.3
GNQ,2015,84.8
GNQ,2016,85.2
GNQ,2017,85.0
GNQ,2018,83.39889583816712
GNQ,2019,82.6
GNQ,2020,83.01620385538543
GNQ,2021,84.10000000000001
GNQ,2022,84.1
GNQ,2023,84.4
GRC,2011,47.4
GRC,2012,50.4
GRC,2013,50.6
GRC,2014,52.1
GRC,2015,52.6
GRC,2016,55.9
GRC,2017,57.5
GRC,2018,55.28241010073139
GRC,2019,53.9
GRC,2020,52.14869722028766
GRC,2021,54.49999999999999
GRC,2022,55.8
GRC,2023,55.099999999999994
GRD,2011,66.4
GRD,2012,65.0
GRD,2013,64.6
GRD,2014,65.2
GRD,2015,63.5
GRD,2016,63.0
GRD,2017,61.5
GRD,2018,59.9
GRD,2019,57.6
GRD,2020,55.24684546356435
GRD,2021,56.099999999999994
GRD,2022,54.3
GRD,2023,53.699999999999996
GTM,2011,80.1
GTM,2012,79.4
GTM,2013,80.7
GTM,2014,80.3
GTM,2015,80.4
GTM,2016,83.2
GTM,2017,83.1
GTM,2018,81.83670919240136
GTM,2019,81.4
GTM,2020,79.17634843834767
GTM,2021,79.4
GTM,2022,77.5
GTM,2023,77.3
GUY,2011,72.6
GUY,2012,71.4
GUY,2013,70.8
GUY,2014,71.0
GUY,2015,70.5
GUY,2016,70.9
GUY,2017,71.3
GUY,2018,70.35847016331266
GUY,2019,68.2
GUY,2020,65.95105985340093
GUY,2021,66.1
GUY,2022,64.19999999999999
GUY,2023,61.599999999999994
HND,2011,78.3
HND,2012,78.5
HND,2013,78.3
HND,2014,77.9
HND,2015,78.1
HND,2016,79.8
HND,2017,79.1
HND,2018,77.2624416679196
HND,2019,77.8
HND,2020,76.78897699605234
HND,2021,79.4
HND,2022,78.69999999999999
HND,2023,79.6
HRV,2011,57.3
HRV,2012,56.3
HRV,2013,54.1
HRV,2014,52.9
HRV,2015,51.0
HRV,2016,52.4
HRV,2017,50.6
HRV,2018,48.71641829811867
HRV,2019,47.5
HRV,2020,46.094521183346394
HRV,2021,49.800000000000004
HRV,2022,49.29999999999999
HRV,2023,48.699999999999996
HTI,2011,108.0
HTI,2012,104.9
HTI,2013,105.8
HTI,2014,104.3
HTI,2015,104.5
HTI,2016,105.1
HTI,2017,105.3
HTI,2018,101.96955214756449
HTI,2019,99.3
HTI,2020,97.67900000000002
HTI,2021,97.49999999999999
HTI,2022,99.7
HTI,2023,102.89999999999999
HUN,2011,48.7
HUN,2012,48.3
HUN,2013,47.6
HUN,2014,48.3
HUN,2015,49.1
HUN,2016,52.7
HUN,2017,52.0
HUN,2018,50.20431326900252
HUN,2019,49.6
HUN,2020,47.62085657690617
HUN,2021,51.09999999999999
HUN,2022,50.8
HUN,2023,48.8
IDN,2011,81.6
IDN,2012,80.6
IDN,2013,78.2
IDN,2014,76.8
IDN,2015,75.0
IDN,2016,74.9
IDN,2017,72.9
IDN,2018,72.29772813709069
IDN,2019,70.4
IDN,2020,67.84550475118697
IDN,2021,67.6
IDN,2022,66.60000000000001
IDN,2023,65.60000000000001
IND,2011,79.3
IND,2012,78.0
IND,2013,77.5
IND,2014,76.9
IND,2015,79.3
IND,2016,79.6
IND,2017,77.9
IND,2018,76.30850993941235
IND,2019,74.4
IND,2020,75.30743258442217
IND,2021,76.99999999999999
IND,2022,75.3
IND,2023,74.10000000000001
IRL,2011,25.3
IRL,2012,26.5
IRL,2013,24.8
IRL,2014,26.1
IRL,2015,24.6
IRL,2016,22.5
IRL,2017,22.3
IRL,2018,20.7393047786885
IRL,2019,20.6
IRL,2020,19.93941688089731
IRL,2021,22.200000000000003
IRL,2022,20.799999999999997
IRL,2023,19.5
IRN,2011,90.2
IRN,2012,89.6
IRN,2013,89.7
IRN,2014,87.2
IRN,2015,87.1
IRN,2016,86.9
IRN,2017,85.8
IRN,2018,84.27111516741917
IRN,2019,83.0
IRN,2020,83.3866086520676
IRN,2021,84.5
IRN,2022,84.1
IRN,2023,85.39999999999999
IRQ,2011,104.8
IRQ,2012,104.3
IRQ,2013,103.9
IRQ,2014,102.2
IRQ,2015,104.4
IRQ,2016,104.7
IRQ,2017,105.4
IRQ,2018,102.20568542153825
IRQ,2019,99.1
IRQ,2020,95.94116979347217
IRQ,2021,96.2
IRQ,2022,93.8
IRQ,2023,91.39999999999999
ISL,2011,30.1
ISL,2012,29.1
ISL,2013,24.7
ISL,2014,25.9
ISL,2015,23.4
ISL,2016,22.8
ISL,2017,22.5
ISL,2018,20.3
ISL,2019,19.8
ISL,2020,17.799999999999997
ISL,2021,18.0
ISL,2022,17.1
ISL,2023,15.700000000000001
ISR,2011,84.4
ISR,2012,82.2
ISR,2013,80.8
ISR,2014,79.5
ISR,2015,79.4
ISR,2016,79.7
ISR,2017,78.9
ISR,2018,78.53374002748376
ISR,2019,76.5
ISR,2020,75.1239717239818
ISR,2021,43.0
ISR,2022,42.599999999999994
ISR,2023,44.1
ITA,2011,45.8
ITA,2012,45.8
ITA,2013,44.6
ITA,2014,43.4
ITA,2015,43.2
ITA,2016,43.1
ITA,2017,45.2
ITA,2018,43.8
ITA,2019,43.8
ITA,2020,42.35313024887805
ITA,2021,45.2
ITA,2022,43.4
ITA,2023,42.6
JAM,2011,67.1
JAM,2012,65.8
JAM,2013,65.6
JAM,2014,64.9
JAM,2015,64.6
JAM,2016,65.0
JAM,2017,65.2
JAM,2018,63.11945865018858
JAM,2019,61.2
JAM,2020,60.02494703870308
JAM,2021,61.2
JAM,2022,62.1
JAM,2023,61.90000000000001
JOR,2011,74.5
JOR,2012,74.8
JOR,2013,75.7
JOR,2014,76.7
JOR,2015,76.9
JOR,2016,78.0
JOR,2017,78.7
JOR,2018,76.75207113512026
JOR,2019,75.9
JOR,2020,75.42853052941282
JOR,2021,76.8
JOR,2022,76.60000000000001
JOR,2023,75.7
JPN,2011,31.0
JPN,2012,43.5
JPN,2013,36.1
JPN,2014,36.3
JPN,2015,36.0
JPN,2016,35.1
JPN,2017,37.4
JPN,2018,34.47489966723306
JPN,2019,34.3
JPN,2020,32.332289117028274
JPN,2021,32.2
JPN,2022,31.0
JPN,2023,30.500000000000004
KAZ,2011,70.2
KAZ,2012,70.9
KAZ,2013,69.8
KAZ,2014,68.5
KAZ,2015,68.3
KAZ,2016,66.5
KAZ,2017,65.9
KAZ,2018,63.43851484252681
KAZ,2019,61.6
KAZ,2020,59.770101356315976
KAZ,2021,61.20000000000001
KAZ,2022,59.5
KAZ,2023,60.6
KEN,2011,98.7
KEN,2012,98.4
KEN,2013,99.6
KEN,2014,99.0
KEN,2015,97.3
KEN,2016,98.3
KEN,2017,96.4
KEN,2018,97.38051499327098
KEN,2019,93.5
KEN,2020,90.31586992597771
KEN,2021,89.2
KEN,2022,88.19999999999997
KEN,2023,87.8
KGZ,2011,91.8
KGZ,2012,87.4
KGZ,2013,85.7
KGZ,2014,83.9
KGZ,2015,82.2
KGZ,2016,81.1
KGZ,2017,80.3
KGZ,2018,78.6341219093271
KGZ,2019,76.2
KGZ,2020,73.92936357080953
KGZ,2021,76.4
KGZ,2022,77.1
KGZ,2023,75.60000000000001
KHM,2011,88.5
KHM,2012,88.7
KHM,2013,88.0
KHM,2014,88.5
KHM,2015,87.9
KHM,2016,87.4
KHM,2017,85.7
KHM,2018,84.04889218927363
KHM,2019,82.5
KHM,2020,80.30838110384798
KHM,2021,80.60000000000001
KHM,2022,80.5
KHM,2023,80.30000000000001
KOR,2011,38.8
KOR,2012,37.6
KOR,2013,35.4
KOR,2014,36.4
KOR,2015,36.3
KOR,2016,36.1
KOR,2017,38.1
KOR,2018,35.73391458947191
KOR,2019,33.7
KOR,2020,32.01527342958986
KOR,2021,32.50000000000001
KOR,2022,32.699999999999996
KOR,2023,31.5
KWT,2011,59.5
KWT,2012,58.8
KWT,2013,59.6
KWT,2014,59.0
KWT,2015,57.5
KWT,2016,58.5
KWT,2017,58.5
KWT,2018,55.8914871882463
KWT,2019,53.2
KWT,2020,50.899274182096256
KWT,2021,52.900000000000006
KWT,2022,52.2
KWT,2023,51.2
LAO,2011,86.7
LAO,2012,85.5
LAO,2013,83.7
LAO,2014,84.3
LAO,2015,84.4
LAO,2016,84.4
LAO,2017,82.4
LAO,2018,80.72431003670523
LAO,2019,78.7
LAO,2020,76.86018745028443
LAO,2021,76.0
LAO,2022,75.5
LAO,2023,74.69999999999999
LBN,2011,87.7
LBN,2012,85.8
LBN,2013,86.3
LBN,2014,86.9
LBN,2015,88.1
LBN,2016,89.6
LBN,2017,88.2
LBN,2018,86.81328586730942
LBN,2019,85.0
LBN,2020,84.72043333917239
LBN,2021,89.0
LBN,2022,91.29999999999998
LBN,2023,91.79999999999998
LBR,2011,94.0
LBR,2012,93.3
LBR,2013,95.1
LBR,2014,94.3
LBR,2015,97.3
LBR,2016,95.5
LBR,2017,93.8
LBR,2018,92.560250792477
LBR,2019,90.2
LBR,2020,90.04390059160053
LBR,2021,89.49999999999999
LBR,2022,88.2
LBR,2023,88.89999999999999
LBY,2011,68.7
LBY,2012,84.9
LBY,2013,84.5
LBY,2014,87.8
LBY,2015,95.3
LBY,2016,96.4
LBY,2017,96.3
LBY,2018,94.60000000000001
LBY,2019,92.2
LBY,2020,95.19371849236182
LBY,2021,97.00000000000001
LBY,2022,94.29999999999998
LBY,2023,96.1
LKA,2011,93.1
LKA,2012,92.2
LKA,2013,92.9
LKA,2014,92.6
LKA,2015,90.7
LKA,2016,87.7
LKA,2017,86.6
LKA,2018,84.89668808927048
LKA,2019,84.0
LKA,2020,81.8
LKA,2021,80.50000000000001
LKA,2022,79.30000000000001
LKA,2023,90.30000000000001
LSO,2011,80.4
LSO,2012,79.0
LSO,2013,79.4
LSO,2014,78.6
LSO,2015,79.9
LSO,2016,80.9
LSO,2017,81.7
LSO,2018,80.13336187638737
LSO,2019,79.7
LSO,2020,78.29011539823739
LSO,2021,77.9
LSO,2022,77.4
LSO,2023,76.3
LTU,2011,45.3
LTU,2012,44.2
LTU,2013,43.0
LTU,2014,43.2
LTU,2015,43.0
LTU,2016,42.4
LTU,2017,41.7
LTU,2018,39.40955428935555
LTU,2019,38.1
LTU,2020,36.47089084336904
LTU,2021,38.699999999999996
LTU,2022,38.6
LTU,2023,39.39999999999999
LUX,2011,26.1
LUX,2012,25.5
LUX,2013,23.3
LUX,2014,24.6
LUX,2015,22.1
LUX,2016,24.1
LUX,2017,23.4
LUX,2018,20.757276455472248
LUX,2019,20.4
LUX,2020,18.84924040750671
LUX,2021,21.099999999999998
LUX,2022,19.999999999999996
LUX,2023,19.5
LVA,2011,54.2
LVA,2012,51.9
LVA,2013,47.9
LVA,2014,48.0
LVA,2015,48.5
LVA,2016,47.4
LVA,2017,46.4
LVA,2018,44.899921744994565
LVA,2019,43.9
LVA,2020,42.31122746144478
LVA,2021,44.0
LVA,2022,42.8
LVA,2023,43.3
MAR,2011,76.3
MAR,2012,76.1
MAR,2013,74.3
MAR,2014,74.4
MAR,2015,74.6
MAR,2016,74.2
MAR,2017,74.9
MAR,2018,74.00415254787698
MAR,2019,73.0
MAR,2020,71.22105197870692
MAR,2021,71.5
MAR,2022,70.1
MAR,2023,68.19999999999999
MDA,2011,81.2
MDA,2012,78.7
MDA,2013,76.5
MDA,2014,75.1
MDA,2015,73.0
MDA,2016,73.2
MDA,2017,72.0
MDA,2018,69.54603613998039
MDA,2019,67.1
MDA,2020,65.97954327737929
MDA,2021,67.0
MDA,2022,64.5
MDA,2023,67.39999999999999
MDG,2011,83.2
MDG,2012,82.5
MDG,2013,82.7
MDG,2014,83.1
MDG,2015,83.6
MDG,2016,84.2
MDG,2017,84.0
MDG,2018,83.57162962089447
MDG,2019,80.9
MDG,2020,79.53029880171496
MDG,2021,79.49999999999999
MDG,2022,80.4
MDG,2023,81.7
MDV,2011,75.6
MDV,2012,75.1
MDV,2013,75.4
MDV,2014,75.4
MDV,2015,74.3
MDV,2016,74.0
MDV,2017,74.4
MDV,2018,72.4
MDV,2019,69.8
MDV,2020,66.2
MDV,2021,67.6
MDV,2022,64.50000000000001
MDV,2023,62.9
MEX,2011,75.1
MEX,2012,73.6
MEX,2013,73.1
MEX,2014,71.1
MEX,2015,71.9
MEX,2016,70.4
MEX,2017,74.3
MEX,2018,71.5181435915789
MEX,2019,69.7
MEX,2020,67.19999999999999
MEX,2021,69.89999999999999
MEX,2022,70.3
MEX,2023,69.8
MKD,2011,71.0
MKD,2012,69.1
MKD,2013,68.0
MKD,2014,66.4
MKD,2015,64.5
MKD,2016,67.0
MKD,2017,66.1
MKD,2018,64.79715789270658
MKD,2019,64.6
MKD,2020,62.13086384675053
MKD,2021,64.5
MKD,2022,62.6
MKD,2023,60.3
MLI,2011,79.3
MLI,2012,77.9
MLI,2013,89.3
MLI,2014,89.8
MLI,2015,92.9
MLI,2016,95.2
MLI,2017,92.9
MLI,2018,93.58132105894025
MLI,2019,94.5
MLI,2020,96.04331296449108
MLI,2021,96.6
MLI,2022,98.60000000000002
MLI,2023,99.5
MLT,2011,45.4
MLT,2012,43.8
MLT,2013,42.4
MLT,2014,43.0
MLT,2015,40.9
MLT,2016,39.6
MLT,2017,38.6
MLT,2018,36.2062447804085
MLT,2019,34.5
MLT,2020,33.593645802064856
MLT,2021,36.2
MLT,2022,34.7
MLT,2023,33.0
MMR,2011,98.3
MMR,2012,96.2
MMR,2013,94.6
MMR,2014,94.3
MMR,2015,94.7
MMR,2016,96.3
MMR,2017,95.7
MMR,2018,96.09231014136056
MMR,2019,94.3
MMR,2020,94.0
MMR,2021,93.79999999999998
MMR,2022,100.0
MMR,2023,100.19999999999997
MNE,2011,56.3
MNE,2012,55.5
MNE,2013,54.4
MNE,2014,55.7
MNE,2015,54.2
MNE,2016,55.2
MNE,2017,55.7
MNE,2018,55.338419760815825
MNE,2019,55.3
MNE,2020,55.46679468409825
MNE,2021,58.49999999999999
MNE,2022,57.900000000000006
MNE,2023,57.99999999999999
MNG,2011,59.6
MNG,2012,58.7
MNG,2013,57.8
MNG,2014,58.1
MNG,2015,57.0
MNG,2016,56.6
MNG,2017,56.7
MNG,2018,54.87347128912537
MNG,2019,54.1
MNG,2020,51.93521252189043
MNG,2021,52.300000000000004
MNG,2022,51.6
MNG,2023,51.3
MOZ,2011,83.6
MOZ,2012,82.4
MOZ,2013,82.8
MOZ,2014,85.9
MOZ,2015,86.9
MOZ,2016,87.8
MOZ,2017,89.0
MOZ,2018,88.65413449837652
MOZ,2019,88.7
MOZ,2020,91.69371296150742
MOZ,2021,93.89999999999999
MOZ,2022,94.29999999999998
MOZ,2023,94.0
MRT,2011,88.0
MRT,2012,87.6
MRT,2013,91.7
MRT,2014,93.0
MRT,2015,94.9
MRT,2016,95.4
MRT,2017,93.7
MRT,2018,92.15282858350263
MRT,2019,90.1
MRT,2020,88.74246859603146
MRT,2021,89.10000000000001
MRT,2022,87.89999999999999
MRT,2023,87.0
MUS,2011,44.2
MUS,2012,44.7
MUS,2013,44.5
MUS,2014,46.1
MUS,2015,45.2
MUS,2016,43.2
MUS,2017,41.7
MUS,2018,40.49020053885572
MUS,2019,38.9
MUS,2020,37.18472003299283
MUS,2021,38.10000000000001
MUS,2022,37.900000000000006
MUS,2023,38.0
MWI,2011,91.2
MWI,2012,88.8
MWI,2013,89.2
MWI,2014,89.1
MWI,2015,86.9
MWI,2016,87.6
MWI,2017,88.0
MWI,2018,85.48762156104438
MWI,2019,83.3
MWI,2020,84.01636088313059
MWI,2021,83.2
MWI,2022,82.99999999999999
MWI,2023,83.2
MYS,2011,68.7
MYS,2012,68.5
MYS,2013,66.1
MYS,2014,66.2
MYS,2015,65.9
MYS,2016,66.1
MYS,2017,65.4
MYS,2018,63.59483707832034
MYS,2019,60.5
MYS,2020,57.561895525091394
MYS,2021,56.89999999999999
MYS,2022,56.4
MYS,2023,55.0
NAM,2011,71.7
NAM,2012,71.0
NAM,2013,70.4
NAM,2014,71.5
NAM,2015,70.8
NAM,2016,71.1
NAM,2017,70.4
NAM,2018,68.81558956891207
NAM,2019,66.4
NAM,2020,65.09591525499161
NAM,2021,64.30000000000001
NAM,2022,62.9
NAM,2023,60.300000000000004
NER,2011,99.1
NER,2012,96.9
NER,2013,99.0
NER,2014,97.9
NER,2015,97.8
NER,2016,98.4
NER,2017,97.4
NER,2018,96.1529034434838
NER,2019,96.2
NER,2020,95.31488303494451
NER,2021,95.99999999999999
NER,2022,95.19999999999999
NER,2023,93.39999999999999
NGA,2011,99.9
NGA,2012,101.1
NGA,2013,100.7
NGA,2014,99.7
NGA,2015,102.5
NGA,2016,103.5
NGA,2017,101.6
NGA,2018,99.90823160615737
NGA,2019,98.5
NGA,2020,97.2675111298435
NGA,2021,98.0
NGA,2022,97.20000000000002
NGA,2023,97.99999999999999
NIC,2011,81.2
NIC,2012,79.6
NIC,2013,79.2
NIC,2014,78.4
NIC,2015,79.0
NIC,2016,79.0
NIC,2017,77.4
NIC,2018,75.32932129736191
NIC,2019,78.1
NIC,2020,77.07751153310853
NIC,2021,77.1
NIC,2022,77.69999999999999
NIC,2023,77.7
NLD,2011,28.3
NLD,2012,28.1
NLD,2013,26.9
NLD,2014,28.6
NLD,2015,26.9
NLD,2016,28.2
NLD,2017,27.4
NLD,2018,26.16998872873363
NLD,2019,24.8
NLD,2020,22.859835187501513
NLD,2021,24.1
NLD,2022,22.1
NLD,2023,20.999999999999996
NOR,2011,20.4
NOR,2012,23.9
NOR,2013,21.5
NOR,2014,23.0
NOR,2015,20.9
NOR,2016,21.2
NOR,2017,20.5
NOR,2018,18.25872156828166
NOR,2019,18.0
NOR,2020,16.19121048702654
NOR,2021,16.6
NOR,2022,15.600000000000001
NOR,2023,14.5
NPL,2011,93.7
NPL,2012,93.0
NPL,2013,91.8
NPL,2014,91.0
NPL,2015,90.5
NPL,2016,91.2
NPL,2017,91.0
NPL,2018,87.87642693759165
NPL,2019,84.7
NPL,2020,82.56660214637142
NPL,2021,82.2
NPL,2022,80.6
NPL,2023,80.2
NZL,2011,24.8
NZL,2012,25.6
NZL,2013,22.7
NZL,2014,24.1
NZL,2015,22.6
NZL,2016,21.3
NZL,2017,22.6
NZL,2018,20.888699780987427
NZL,2019,20.1
NZL,2020,17.879896291384675
NZL,2021,18.400000000000002
NZL,2022,17.5
NZL,2023,16.7
OMN,2011,49.3
OMN,2012,51.7
OMN,2013,52.0
OMN,2014,53.1
OMN,2015,52.0
OMN,2016,51.6
OMN,2017,52.5
OMN,2018,52.64980160350626
OMN,2019,50.0
OMN,2020,47.99116056937856
OMN,2021,50.4
OMN,2022,49.5
OMN,2023,48.7
PAK,2011,102.3
PAK,2012,101.6
PAK,2013,102.9
PAK,2014,103.0
PAK,2015,103.0
PAK,2016,101.7
PAK,2017,98.9
PAK,2018,96.33806005544712
PAK,2019,94.2
PAK,2020,92.07809303255931
PAK,2021,90.5
PAK,2022,89.70000000000002
PAK,2023,89.89999999999999
PAN,2011,57.8
PAN,2012,56.1
PAN,2013,55.8
PAN,2014,55.7
PAN,2015,54.6
PAN,2016,53.2
PAN,2017,50.7
PAN,2018,49.48072267554133
PAN,2019,47.0
PAN,2020,45.98191488845223
PAN,2021,48.699999999999996
PAN,2022,47.5
PAN,2023,48.7
PER,2011,73.6
PER,2012,73.5
PER,2013,72.3
PER,2014,72.9
PER,2015,72.0
PER,2016,72.0
PER,2017,70.3
PER,2018,70.0729820656276
PER,2019,68.2
PER,2020,67.62810848276709
PER,2021,71.4
PER,2022,69.8
PER,2023,73.10000000000001
PHL,2011,85.0
PHL,2012,83.2
PHL,2013,82.8
PHL,2014,85.3
PHL,2015,86.2
PHL,2016,84.7
PHL,2017,84.4
PHL,2018,85.49988187329669
PHL,2019,83.1
PHL,2020,80.99999999999999
PHL,2021,82.39999999999999
PHL,2022,80.5
PHL,2023,77.8
PNG,2011,84.2
PNG,2012,83.7
PNG,2013,84.9
PNG,2014,84.1
PNG,2015,83.4
PNG,2016,86.2
PNG,2017,86.4
PNG,2018,84.77026579816999
PNG,2019,83.1
PNG,2020,82.29729048388526
PNG,2021,80.89999999999999
PNG,2022,79.49999999999999
PNG,2023,78.1
POL,2011,46.8
POL,2012,44.3
POL,2013,40.9
POL,2014,42.1
POL,2015,39.8
POL,2016,40.7
POL,2017,40.8
POL,2018,41.46116976149038
POL,2019,42.8
POL,2020,41.028733918699864
POL,2021,43.099999999999994
POL,2022,42.2
POL,2023,45.199999999999996
PRK,2011,95.6
PRK,2012,95.5
PRK,2013,95.1
PRK,2014,94.0
PRK,2015,93.8
PRK,2016,93.9
PRK,2017,93.3
PRK,2018,93.2
PRK,2019,92.7
PRK,2020,90.21129784524969
PRK,2021,89.99999999999999
PRK,2022,89.10000000000001
PRK,2023,87.0
PRT,2011,32.3
PRT,2012,34.2
PRT,2013,32.6
PRT,2014,33.1
PRT,2015,29.7
PRT,2016,29.2
PRT,2017,29.0
PRT,2018,27.273450536625276
PRT,2019,25.3
PRT,2020,23.51466331089092
PRT,2021,26.8
PRT,2022,27.500000000000004
PRT,2023,25.7
PRY,2011,72.4
PRY,2012,70.9
PRY,2013,71.8
PRY,2014,71.6
PRY,2015,71.3
PRY,2016,72.6
PRY,2017,71.6
PRY,2018,69.75151701076081
PRY,2019,67.0
PRY,2020,65.17819421791758
PRY,2021,66.4
PRY,2022,65.4
PRY,2023,63.7
PSE,2021,86.0
PSE,2022,85.60000000000001
PSE,2023,87.9
QAT,2011,49.5
QAT,2012,48.0
QAT,2013,47.1
QAT,2014,48.9
QAT,2015,46.3
QAT,2016,45.1
QAT,2017,44.0
QAT,2018,48.06415433835673
QAT,2019,45.4
QAT,2020,43.73987834909789
QAT,2021,44.099999999999994
QAT,2022,42.300000000000004
QAT,2023,40.5
ROU,2011,59.8
ROU,2012,59.5
ROU,2013,57.4
ROU,2014,56.9
ROU,2015,54.2
ROU,2016,52.9
ROU,2017,50.9
ROU,2018,49.36140868153144
ROU,2019,47.8
ROU,2020,46.65460149468231
ROU,2021,51.0
ROU,2022,50.8
ROU,2023,53.0
RUS,2011,77.7
RUS,2012,77.1
RUS,2013,77.1
RUS,2014,76.5
RUS,2015,80.0
RUS,2016,81.0
RUS,2017,79.2
RUS,2018,77.16545659420007
RUS,2019,74.7
RUS,2020,72.55858319621083
RUS,2021,73.59999999999998
RUS,2022,72.6
RUS,2023,80.7
RWA,2011,91.0
RWA,2012,89.3
RWA,2013,89.3
RWA,2014,90.5
RWA,2015,90.2
RWA,2016,91.3
RWA,2017,90.8
RWA,2018,89.28772432240727
RWA,2019,87.5
RWA,2020,86.02952230051775
RWA,2021,84.99999999999999
RWA,2022,83.7
RWA,2023,82.30000000000001
SAU,2011,75.2
SAU,2012,73.4
SAU,2013,72.7
SAU,2014,73.1
SAU,2015,71.6
SAU,2016,72.2
SAU,2017,71.2
SAU,2018,70.23498732317032
SAU,2019,70.4
SAU,2020,68.80000000000001
SAU,2021,69.7
SAU,2022,67.5
SAU,2023,65.3
SDN,2011,108.7
SDN,2012,109.4
SDN,2013,111.0
SDN,2014,110.1
SDN,2015,110.8
SDN,2016,111.5
SDN,2017,110.6
SDN,2018,108.66319439644046
SDN,2019,108.0
SDN,2020,104.76588517295875
SDN,2021,105.19999999999999
SDN,2022,107.1
SDN,2023,106.19999999999999
SEN,2011,76.8
SEN,2012,79.3
SEN,2013,81.4
SEN,2014,82.8
SEN,2015,82.9
SEN,2016,83.6
SEN,2017,82.3
SEN,2018,79.62828847155544
SEN,2019,77.2
SEN,2020,74.5646477541905
SEN,2021,73.39999999999999
SEN,2022,72.10000000000001
SEN,2023,71.50000000000001
SGP,2011,35.1
SGP,2012,35.6
SGP,2013,34.0
SGP,2014,35.9
SGP,2015,34.4
SGP,2016,32.9
SGP,2017,32.5
SGP,2018,30.421202731235
SGP,2019,28.1
SGP,2020,26.3261946557654
SGP,2021,26.6
SGP,2022,25.799999999999997
SGP,2023,25.499999999999996
SLB,2011,85.9
SLB,2012,85.6
SLB,2013,85.2
SLB,2014,86.4
SLB,2015,85.9
SLB,2016,85.3
SLB,2017,84.8
SLB,2018,83.10491831793692
SLB,2019,81.9
SLB,2020,79.74524648137532
SLB,2021,79.30000000000001
SLB,2022,80.39999999999999
SLB,2023,79.60000000000001
SLE,2011,92.1
SLE,2012,90.4
SLE,2013,91.2
SLE,2014,89.9
SLE,2015,91.9
SLE,2016,91.0
SLE,2017,89.3
SLE,2018,89.08699644672271
SLE,2019,86.8
SLE,2020,84.35580251344358
SLE,2021,83.4
SLE,2022,82.39999999999999
SLE,2023,81.39999999999999
SLV,2011,76.0
SLV,2012,74.4
SLV,2013,73.2
SLV,2014,72.0
SLV,2015,71.4
SLV,2016,72.5
SLV,2017,73.1
SLV,2018,71.16006105064231
SLV,2019,69.8
SLV,2020,68.89464371164277
SLV,2021,71.6
SLV,2022,70.8
SLV,2023,69.3
SOM,2011,113.4
SOM,2012,114.9
SOM,2013,113.9
SOM,2014,112.6
SOM,2015,114.0
SOM,2016,114.0
SOM,2017,113.4
SOM,2018,113.20079608219345
SOM,2019,112.3
SOM,2020,110.88895932474605
SOM,2021,110.9
SOM,2022,110.5
SOM,2023,111.89999999999999
SRB,2011,74.4
SRB,2012,75.0
SRB,2013,74.4
SRB,2014,72.0
SRB,2015,73.8
SRB,2016,72.0
SRB,2017,70.0
SRB,2018,68.0600623653456
SRB,2019,68.0
SRB,2020,66.11626143786188
SRB,2021,67.4
SRB,2022,67.8
SRB,2023,67.9
SSD,2012,108.4
SSD,2013,110.6
SSD,2014,112.9
SSD,2015,114.5
SSD,2016,113.8
SSD,2017,113.9
SSD,2018,113.35731518994112
SSD,2019,112.2
SSD,2020,110.75219038198196
SSD,2021,109.4
SSD,2022,108.39999999999999
SSD,2023,108.50000000000001
STP,2011,74.5
STP,2012,73.9
STP,2013,74.6
STP,2014,75.8
STP,2015,73.7
STP,2016,72.9
STP,2017,72.1
STP,2018,72.1307816493097
STP,2019,71.1
STP,2020,70.28190046461518
STP,2021,71.5
STP,2022,70.4
STP,2023,69.7
SUR,2011,71.1
SUR,2012,71.2
SUR,2013,71.2
SUR,2014,70.6
SUR,2015,68.4
SUR,2016,66.7
SUR,2017,65.9
SUR,2018,64.01235952203785
SUR,2019,61.9
SUR,2020,60.12230683109472
SUR,2021,61.50000000000001
SUR,2022,60.800000000000004
SUR,2023,59.699999999999996
SVK,2011,47.1
SVK,2012,47.4
SVK,2013,45.3
SVK,2014,45.3
SVK,2015,42.6
SVK,2016,44.9
SVK,2017,44.3
SVK,2018,42.47488888000861
SVK,2019,40.5
SVK,2020,38.22181460375541
SVK,2021,39.00000000000001
SVK,2022,37.099999999999994
SVK,2023,37.800000000000004
SVN,2011,35.5
SVN,2012,34.0
SVN,2013,32.3
SVN,2014,32.6
SVN,2015,31.5
SVN,2016,33.9
SVN,2017,32.4
SVN,2018,30.33350186495465
SVN,2019,28.0
SVN,2020,25.84648022438141
SVN,2021,28.2
SVN,2022,27.7
SVN,2023,27.299999999999997
SWE,2011,22.8
SWE,2012,21.3
SWE,2013,19.7
SWE,2014,21.4
SWE,2015,20.2
SWE,2016,22.6
SWE,2017,22.1
SWE,2018,20.818812325589526
SWE,2019,20.3
SWE,2020,18.209201949895153
SWE,2021,21.4
SWE,2022,20.9
SWE,2023,20.6
SWZ,2011,82.5
SWZ,2012,83.5
SWZ,2013,85.6
SWZ,2014,85.8
SWZ,2015,86.2
SWZ,2016,87.6
SWZ,2017,88.8
SWZ,2018,87.54065035971811
SWZ,2019,85.3
SWZ,2020,83.0
SWZ,2021,82.5
SWZ,2022,80.4
SWZ,2023,79.1
SYC,2011,67.0
SYC,2012,65.1
SYC,2013,64.0
SYC,2014,63.7
SYC,2015,62.1
SYC,2016,60.2
SYC,2017,59.4
SYC,2018,56.754155689071474
SYC,2019,55.2
SYC,2020,54.6754977355289
SYC,2021,56.300000000000004
SYC,2022,54.199999999999996
SYC,2023,53.3
SYR,2011,85.9
SYR,2012,94.5
SYR,2013,97.4
SYR,2014,101.6
SYR,2015,107.8
SYR,2016,110.8
SYR,2017,110.6
SYR,2018,111.39303110352296
SYR,2019,111.5
SYR,2020,110.74969653593257
SYR,2021,110.69999999999999
SYR,2022,108.4
SYR,2023,107.10000000000001
TCD,2011,110.3
TCD,2012,107.6
TCD,2013,109.0
TCD,2014,108.7
TCD,2015,108.4
TCD,2016,110.1
TCD,2017,109.4
TCD,2018,108.31187045747872
TCD,2019,108.5
TCD,2020,106.43382055499453
TCD,2021,105.8
TCD,2022,105.69999999999999
TCD,2023,104.60000000000001
TGO,2011,89.4
TGO,2012,87.5
TGO,2013,87.8
TGO,2014,87.8
TGO,2015,86.8
TGO,2016,85.8
TGO,2017,83.9
TGO,2018,85.15884542590535
TGO,2019,87.4
TGO,2020,85.84143116430509
TGO,2021,85.1
TGO,2022,83.59999999999998
TGO,2023,82.1
THA,2011,78.3
THA,2012,77.0
THA,2013,75.1
THA,2014,77.0
THA,2015,79.1
THA,2016,78.8
THA,2017,76.2
THA,2018,74.98003133114115
THA,2019,73.1
THA,2020,70.81357974524154
THA,2021,70.89999999999999
THA,2022,70.0
THA,2023,68.0
TJK,2011,88.3
TJK,2012,85.7
TJK,2013,85.2
TJK,2014,84.6
TJK,2015,83.4
TJK,2016,83.8
TJK,2017,81.8
TJK,2018,79.5020376295363
TJK,2019,77.7
TJK,2020,75.50515391672525
TJK,2021,75.1
TJK,2022,75.0
TJK,2023,74.2
TKM,2011,79.7
TKM,2012,77.4
TKM,2013,76.7
TKM,2014,78.2
TKM,2015,77.4
TKM,2016,76.0
TKM,2017,74.4
TKM,2018,72.62111503765558
TKM,2019,71.4
TKM,2020,69.05814193586684
TKM,2021,68.20000000000002
TKM,2022,66.5
TKM,2023,64.5
TLS,2011,94.9
TLS,2012,92.7
TLS,2013,91.5
TLS,2014,91.0
TLS,2015,90.5
TLS,2016,90.8
TLS,2017,90.5
TLS,2018,88.25683064064846
TLS,2019,85.5
TLS,2020,82.66311377505994
TLS,2021,80.9
TLS,2022,79.3
TLS,2023,77.5
TTO,2011,63.7
TTO,2012,64.4
TTO,2013,62.6
TTO,2014,61.3
TTO,2015,58.7
TTO,2016,57.8
TTO,2017,56.7
TTO,2018,54.605739840210504
TTO,2019,53.0
TTO,2020,51.9451410707907
TTO,2021,52.9
TTO,2022,52.4
TTO,2023,52.89999999999999
TUN,2011,70.1
TUN,2012,74.2
TUN,2013,76.5
TUN,2014,77.5
TUN,2015,75.7
TUN,2016,74.6
TUN,2017,74.2
TUN,2018,72.0706745688338
TUN,2019,70.1
TUN,2020,68.12591302617336
TUN,2021,69.19999999999999
TUN,2022,68.2
TUN,2023,66.39999999999999
TUR,2011,74.9
TUR,2012,76.6
TUR,2013,75.9
TUR,2014,74.1
TUR,2015,74.6
TUR,2016,77.3
TUR,2017,80.8
TUR,2018,82.21903599918711
TUR,2019,80.3
TUR,2020,79.14739400388918
TUR,2021,79.7
TUR,2022,78.1
TUR,2023,81.19999999999999
TZA,2011,81.3
TZA,2012,80.4
TZA,2013,81.1
TZA,2014,80.8
TZA,2015,80.8
TZA,2016,81.8
TZA,2017,80.3
TZA,2018,79.38569084972285
TZA,2019,80.1
TZA,2020,78.14413662466475
TZA,2021,79.3
TZA,2022,78.2
TZA,2023,76.6
UGA,2011,96.3
UGA,2012,96.5
UGA,2013,96.6
UGA,2014,96.0
UGA,2015,97.0
UGA,2016,97.7
UGA,2017,96.0
UGA,2018,95.14379555232746
UGA,2019,95.3
UGA,2020,92.7703684743757
UGA,2021,92.89999999999999
UGA,2022,92.1
UGA,2023,91.5
UKR,2011,69.0
UKR,2012,67.2
UKR,2013,65.9
UKR,2014,67.2
UKR,2015,76.3
UKR,2016,75.5
UKR,2017,74.0
UKR,2018,72.56161244731106
UKR,2019,71.0
UKR,2020,69.00704175599185
UKR,2021,69.8
UKR,2022,68.6
UKR,2023,95.89999999999999
URY,2011,40.4
URY,2012,40.5
URY,2013,38.4
URY,2014,37.9
URY,2015,36.4
URY,2016,36.2
URY,2017,36.8
URY,2018,35.444748420198586
URY,2019,34.0
URY,2020,33.405777354578404
URY,2021,35.900000000000006
URY,2022,35.2
URY,2023,34.4
USA,2011,34.8
USA,2012,34.8
USA,2013,33.5
USA,2014,35.4
USA,2015,35.4
USA,2016,34.0
USA,2017,35.6
USA,2018,37.7
USA,2019,38.0
USA,2020,38.27275827818653
USA,2021,44.6
USA,2022,46.6
USA,2023,45.300000000000004
UZB,2011,88.3
UZB,2012,87.5
UZB,2013,86.9
UZB,2014,86.3
UZB,2015,85.3
UZB,2016,83.5
UZB,2017,81.5
UZB,2018,79.1
UZB,2019,75.7
UZB,2020,73.10388718030978
UZB,2021,72.00000000000001
UZB,2022,69.6
UZB,2023,66.80000000000001
VEN,2011,78.2
VEN,2012,77.3
VEN,2013,75.3
VEN,2014,76.7
VEN,2015,78.7
VEN,2016,81.6
VEN,2017,82.9
VEN,2018,86.20692501836953
VEN,2019,89.3
VEN,2020,91.15759122974585
VEN,2021,92.60000000000001
VEN,2022,91.60000000000001
VEN,2023,90.5
VNM,2011,76.1
VNM,2012,74.0
VNM,2013,73.1
VNM,2014,72.7
VNM,2015,72.4
VNM,2016,70.7
VNM,2017,70.2
VNM,2018,68.39565234056963
VNM,2019,66.1
VNM,2020,63.885397212926094
VNM,2021,63.29999999999999
VNM,2022,60.9
VNM,2023,58.300000000000004
WSM,2011,69.5
WSM,2012,68.5
WSM,2013,68.7
WSM,2014,69.3
WSM,2015,68.2
WSM,2016,67.6
WSM,2017,67.1
WSM,2018,65.53086971578227
WSM,2019,64.2
WSM,2020,63.296648558996196
WSM,2021,64.2
WSM,2022,64.8
WSM,2023,65.1
YEM,2011,100.3
YEM,2012,104.8
YEM,2013,107.0
YEM,2014,105.4
YEM,2015,108.2
YEM,2016,111.5
YEM,2017,111.1
YEM,2018,112.6715037597987
YEM,2019,113.5
YEM,2020,112.43869382016283
YEM,2021,111.7
YEM,2022,111.7
YEM,2023,108.89999999999999
ZAF,2011,67.6
ZAF,2012,66.8
ZAF,2013,67.6
ZAF,2014,66.6
ZAF,2015,67.0
ZAF,2016,69.9
ZAF,2017,72.3
ZAF,2018,72.89999999999999
ZAF,2019,71.1
ZAF,2020,70.1072430706828
ZAF,2021,70.0
ZAF,2022,72.0
ZAF,2023,72.0
ZMB,2011,83.8
ZMB,2012,85.9
ZMB,2013,86.6
ZMB,2014,86.2
ZMB,2015,85.1
ZMB,2016,86.3
ZMB,2017,87.8
ZMB,2018,87.22404970609999
ZMB,2019,85.7
ZMB,2020,84.47412891194057
ZMB,2021,84.89999999999999
ZMB,2022,83.60000000000001
ZMB,2023,81.8
ZWE,2011,107.9
ZWE,2012,106.3
ZWE,2013,105.2
ZWE,2014,102.8
ZWE,2015,100.0
ZWE,2016,100.5
ZWE,2017,101.6
ZWE,2018,102.29375253209211
ZWE,2019,99.5
ZWE,2020,99.22085680550748
ZWE,2021,99.10000000000001
ZWE,2022,97.8
ZWE,2023,96.9
