iso3,year,lang_frac
AFG,2000,0.61
AFG,2001,0.61
AFG,2002,0.61
AFG,2003,0.61
AFG,2004,0.61
AFG,2005,0.61
AFG,2006,0.61
AFG,2007,0.61
AFG,2008,0.61
AFG,2009,0.61
AFG,2010,0.61
AFG,2011,0.61
AFG,2012,0.61
AFG,2013,0.61
AFG,2014,0.61
AFG,2015,0.61
AFG,2016,0.61
AFG,2017,0.61
AFG,2018,0.61
AFG,2019,0.61
AFG,2020,0.61
AFG,2021,0.61
AFG,2022,0.61
AFG,2023,0.61
AFG,2024,0.61
AFG,2025,0.61
ALB,2000,0.04
ALB,2001,0.04
ALB,2002,0.04
ALB,2003,0.04
ALB,2004,0.04
ALB,2005,0.04
ALB,2006,0.04
ALB,2007,0.04
ALB,2008,0.04
ALB,2009,0.04
ALB,2010,0.04
ALB,2011,0.04
ALB,2012,0.04
ALB,2013,0.04
ALB,2014,0.04
ALB,2015,0.04
ALB,2016,0.04
ALB,2017,0.04
ALB,2018,0.04
ALB,2019,0.04
ALB,2020,0.04
ALB,2021,0.04
ALB,2022,0.04
ALB,2023,0.04
ALB,2024,0.04
ALB,2025,0.04
DZA,2000,0.44
DZA,2001,0.44
DZA,2002,0.44
DZA,2003,0.44
DZA,2004,0.44
DZA,2005,0.44
DZA,2006,0.44
DZA,2007,0.44
DZA,2008,0.44
DZA,2009,0.44
DZA,2010,0.44
DZA,2011,0.44
DZA,2012,0.44
DZA,2013,0.44
DZA,2014,0.44
DZA,2015,0.44
DZA,2016,0.44
DZA,2017,0.44
DZA,2018,0.44
DZA,2019,0.44
DZA,2020,0.44
DZA,2021,0.44
DZA,2022,0.44
DZA,2023,0.44
DZA,2024,0.44
DZA,2025,0.44
AND,2000,0.68
AND,2001,0.68
AND,2002,0.68
AND,2003,0.68
AND,2004,0.68
AND,2005,0.68
AND,2006,0.68
AND,2007,0.68
AND,2008,0.68
AND,2009,0.68
AND,2010,0.68
AND,2011,0.68
AND,2012,0.68
AND,2013,0.68
AND,2014,0.68
AND,2015,0.68
AND,2016,0.68
AND,2017,0.68
AND,2018,0.68
AND,2019,0.68
AND,2020,0.68
AND,2021,0.68
AND,2022,0.68
AND,2023,0.68
AND,2024,0.68
AND,2025,0.68
AGO,2000,0.79
AGO,2001,0.79
AGO,2002,0.79
AGO,2003,0.79
AGO,2004,0.79
AGO,2005,0.79
AGO,2006,0.79
AGO,2007,0.79
AGO,2008,0.79
AGO,2009,0.79
AGO,2010,0.79
AGO,2011,0.79
AGO,2012,0.79
AGO,2013,0.79
AGO,2014,0.79
AGO,2015,0.79
AGO,2016,0.79
AGO,2017,0.79
AGO,2018,0.79
AGO,2019,0.79
AGO,2020,0.79
AGO,2021,0.79
AGO,2022,0.79
AGO,2023,0.79
AGO,2024,0.79
AGO,2025,0.79
ATG,2000,0.11
ATG,2001,0.11
ATG,2002,0.11
ATG,2003,0.11
ATG,2004,0.11
ATG,2005,0.11
ATG,2006,0.11
ATG,2007,0.11
ATG,2008,0.11
ATG,2009,0.11
ATG,2010,0.11
ATG,2011,0.11
ATG,2012,0.11
ATG,2013,0.11
ATG,2014,0.11
ATG,2015,0.11
ATG,2016,0.11
ATG,2017,0.11
ATG,2018,0.11
ATG,2019,0.11
ATG,2020,0.11
ATG,2021,0.11
ATG,2022,0.11
ATG,2023,0.11
ATG,2024,0.11
ATG,2025,0.11
AZE,2000,0.21
AZE,2001,0.21
AZE,2002,0.21
AZE,2003,0.21
AZE,2004,0.21
AZE,2005,0.21
AZE,2006,0.21
AZE,2007,0.21
AZE,2008,0.21
AZE,2009,0.21
AZE,2010,0.21
AZE,2011,0.21
AZE,2012,0.21
AZE,2013,0.21
AZE,2014,0.21
AZE,2015,0.21
AZE,2016,0.21
AZE,2017,0.21
AZE,2018,0.21
AZE,2019,0.21
AZE,2020,0.21
AZE,2021,0.21
AZE,2022,0.21
AZE,2023,0.21
AZE,2024,0.21
AZE,2025,0.21
ARG,2000,0.06
ARG,2001,0.06
ARG,2002,0.06
ARG,2003,0.06
ARG,2004,0.06
ARG,2005,0.06
ARG,2006,0.06
ARG,2007,0.06
ARG,2008,0.06
ARG,2009,0.06
ARG,2010,0.06
ARG,2011,0.06
ARG,2012,0.06
ARG,2013,0.06
ARG,2014,0.06
ARG,2015,0.06
ARG,2016,0.06
ARG,2017,0.06
ARG,2018,0.06
ARG,2019,0.06
ARG,2020,0.06
ARG,2021,0.06
ARG,2022,0.06
ARG,2023,0.06
ARG,2024,0.06
ARG,2025,0.06
AUS,2000,0.33
AUS,2001,0.33
AUS,2002,0.33
AUS,2003,0.33
AUS,2004,0.33
AUS,2005,0.33
AUS,2006,0.33
AUS,2007,0.33
AUS,2008,0.33
AUS,2009,0.33
AUS,2010,0.33
AUS,2011,0.33
AUS,2012,0.33
AUS,2013,0.33
AUS,2014,0.33
AUS,2015,0.33
AUS,2016,0.33
AUS,2017,0.33
AUS,2018,0.33
AUS,2019,0.33
AUS,2020,0.33
AUS,2021,0.33
AUS,2022,0.33
AUS,2023,0.33
AUS,2024,0.33
AUS,2025,0.33
AUT,2000,0.15
AUT,2001,0.15
AUT,2002,0.15
AUT,2003,0.15
AUT,2004,0.15
AUT,2005,0.15
AUT,2006,0.15
AUT,2007,0.15
AUT,2008,0.15
AUT,2009,0.15
AUT,2010,0.15
AUT,2011,0.15
AUT,2012,0.15
AUT,2013,0.15
AUT,2014,0.15
AUT,2015,0.15
AUT,2016,0.15
AUT,2017,0.15
AUT,2018,0.15
AUT,2019,0.15
AUT,2020,0.15
AUT,2021,0.15
AUT,2022,0.15
AUT,2023,0.15
AUT,2024,0.15
AUT,2025,0.15
BHS,2000,0.19
BHS,2001,0.19
BHS,2002,0.19
BHS,2003,0.19
BHS,2004,0.19
BHS,2005,0.19
BHS,2006,0.19
BHS,2007,0.19
BHS,2008,0.19
BHS,2009,0.19
BHS,2010,0.19
BHS,2011,0.19
BHS,2012,0.19
BHS,2013,0.19
BHS,2014,0.19
BHS,2015,0.19
BHS,2016,0.19
BHS,2017,0.19
BHS,2018,0.19
BHS,2019,0.19
BHS,2020,0.19
BHS,2021,0.19
BHS,2022,0.19
BHS,2023,0.19
BHS,2024,0.19
BHS,2025,0.19
BHR,2000,0.43
BHR,2001,0.43
BHR,2002,0.43
BHR,2003,0.43
BHR,2004,0.43
BHR,2005,0.43
BHR,2006,0.43
BHR,2007,0.43
BHR,2008,0.43
BHR,2009,0.43
BHR,2010,0.43
BHR,2011,0.43
BHR,2012,0.43
BHR,2013,0.43
BHR,2014,0.43
BHR,2015,0.43
BHR,2016,0.43
BHR,2017,0.43
BHR,2018,0.43
BHR,2019,0.43
BHR,2020,0.43
BHR,2021,0.43
BHR,2022,0.43
BHR,2023,0.43
BHR,2024,0.43
BHR,2025,0.43
BGD,2000,0.09
BGD,2001,0.09
BGD,2002,0.09
BGD,2003,0.09
BGD,2004,0.09
BGD,2005,0.09
BGD,2006,0.09
BGD,2007,0.09
BGD,2008,0.09
BGD,2009,0.09
BGD,2010,0.09
BGD,2011,0.09
BGD,2012,0.09
BGD,2013,0.09
BGD,2014,0.09
BGD,2015,0.09
BGD,2016,0.09
BGD,2017,0.09
BGD,2018,0.09
BGD,2019,0.09
BGD,2020,0.09
BGD,2021,0.09
BGD,2022,0.09
BGD,2023,0.09
BGD,2024,0.09
BGD,2025,0.09
ARM,2000,0.13
ARM,2001,0.13
ARM,2002,0.13
ARM,2003,0.13
ARM,2004,0.13
ARM,2005,0.13
ARM,2006,0.13
ARM,2007,0.13
ARM,2008,0.13
ARM,2009,0.13
ARM,2010,0.13
ARM,2011,0.13
ARM,2012,0.13
ARM,2013,0.13
ARM,2014,0.13
ARM,2015,0.13
ARM,2016,0.13
ARM,2017,0.13
ARM,2018,0.13
ARM,2019,0.13
ARM,2020,0.13
ARM,2021,0.13
ARM,2022,0.13
ARM,2023,0.13
ARM,2024,0.13
ARM,2025,0.13
BRB,2000,0.09
BRB,2001,0.09
BRB,2002,0.09
BRB,2003,0.09
BRB,2004,0.09
BRB,2005,0.09
BRB,2006,0.09
BRB,2007,0.09
BRB,2008,0.09
BRB,2009,0.09
BRB,2010,0.09
BRB,2011,0.09
BRB,2012,0.09
BRB,2013,0.09
BRB,2014,0.09
BRB,2015,0.09
BRB,2016,0.09
BRB,2017,0.09
BRB,2018,0.09
BRB,2019,0.09
BRB,2020,0.09
BRB,2021,0.09
BRB,2022,0.09
BRB,2023,0.09
BRB,2024,0.09
BRB,2025,0.09
BEL,2000,0.54
BEL,2001,0.54
BEL,2002,0.54
BEL,2003,0.54
BEL,2004,0.54
BEL,2005,0.54
BEL,2006,0.54
BEL,2007,0.54
BEL,2008,0.54
BEL,2009,0.54
BEL,2010,0.54
BEL,2011,0.54
BEL,2012,0.54
BEL,2013,0.54
BEL,2014,0.54
BEL,2015,0.54
BEL,2016,0.54
BEL,2017,0.54
BEL,2018,0.54
BEL,2019,0.54
BEL,2020,0.54
BEL,2021,0.54
BEL,2022,0.54
BEL,2023,0.54
BEL,2024,0.54
BEL,2025,0.54
BTN,2000,0.61
BTN,2001,0.61
BTN,2002,0.61
BTN,2003,0.61
BTN,2004,0.61
BTN,2005,0.61
BTN,2006,0.61
BTN,2007,0.61
BTN,2008,0.61
BTN,2009,0.61
BTN,2010,0.61
BTN,2011,0.61
BTN,2012,0.61
BTN,2013,0.61
BTN,2014,0.61
BTN,2015,0.61
BTN,2016,0.61
BTN,2017,0.61
BTN,2018,0.61
BTN,2019,0.61
BTN,2020,0.61
BTN,2021,0.61
BTN,2022,0.61
BTN,2023,0.61
BTN,2024,0.61
BTN,2025,0.61
BOL,2000,0.22
BOL,2001,0.22
BOL,2002,0.22
BOL,2003,0.22
BOL,2004,0.22
BOL,2005,0.22
BOL,2006,0.22
BOL,2007,0.22
BOL,2008,0.22
BOL,2009,0.22
BOL,2010,0.22
BOL,2011,0.22
BOL,2012,0.22
BOL,2013,0.22
BOL,2014,0.22
BOL,2015,0.22
BOL,2016,0.22
BOL,2017,0.22
BOL,2018,0.22
BOL,2019,0.22
BOL,2020,0.22
BOL,2021,0.22
BOL,2022,0.22
BOL,2023,0.22
BOL,2024,0.22
BOL,2025,0.22
BIH,2000,0.68
BIH,2001,0.68
BIH,2002,0.68
BIH,2003,0.68
BIH,2004,0.68
BIH,2005,0.68
BIH,2006,0.68
BIH,2007,0.68
BIH,2008,0.68
BIH,2009,0.68
BIH,2010,0.68
BIH,2011,0.68
BIH,2012,0.68
BIH,2013,0.68
BIH,2014,0.68
BIH,2015,0.68
BIH,2016,0.68
BIH,2017,0.68
BIH,2018,0.68
BIH,2019,0.68
BIH,2020,0.68
BIH,2021,0.68
BIH,2022,0.68
BIH,2023,0.68
BIH,2024,0.68
BIH,2025,0.68
BWA,2000,0.41
BWA,2001,0.41
BWA,2002,0.41
BWA,2003,0.41
BWA,2004,0.41
BWA,2005,0.41
BWA,2006,0.41
BWA,2007,0.41
BWA,2008,0.41
BWA,2009,0.41
BWA,2010,0.41
BWA,2011,0.41
BWA,2012,0.41
BWA,2013,0.41
BWA,2014,0.41
BWA,2015,0.41
BWA,2016,0.41
BWA,2017,0.41
BWA,2018,0.41
BWA,2019,0.41
BWA,2020,0.41
BWA,2021,0.41
BWA,2022,0.41
BWA,2023,0.41
BWA,2024,0.41
BWA,2025,0.41
BRA,2000,0.05
BRA,2001,0.05
BRA,2002,0.05
BRA,2003,0.05
BRA,2004,0.05
BRA,2005,0.05
BRA,2006,0.05
BRA,2007,0.05
BRA,2008,0.05
BRA,2009,0.05
BRA,2010,0.05
BRA,2011,0.05
BRA,2012,0.05
BRA,2013,0.05
BRA,2014,0.05
BRA,2015,0.05
BRA,2016,0.05
BRA,2017,0.05
BRA,2018,0.05
BRA,2019,0.05
BRA,2020,0.05
BRA,2021,0.05
BRA,2022,0.05
BRA,2023,0.05
BRA,2024,0.05
BRA,2025,0.05
BLZ,2000,0.63
BLZ,2001,0.63
BLZ,2002,0.63
BLZ,2003,0.63
BLZ,2004,0.63
BLZ,2005,0.63
BLZ,2006,0.63
BLZ,2007,0.63
BLZ,2008,0.63
BLZ,2009,0.63
BLZ,2010,0.63
BLZ,2011,0.63
BLZ,2012,0.63
BLZ,2013,0.63
BLZ,2014,0.63
BLZ,2015,0.63
BLZ,2016,0.63
BLZ,2017,0.63
BLZ,2018,0.63
BLZ,2019,0.63
BLZ,2020,0.63
BLZ,2021,0.63
BLZ,2022,0.63
BLZ,2023,0.63
BLZ,2024,0.63
BLZ,2025,0.63
SLB,2000,0.53
SLB,2001,0.53
SLB,2002,0.53
SLB,2003,0.53
SLB,2004,0.53
SLB,2005,0.53
SLB,2006,0.53
SLB,2007,0.53
SLB,2008,0.53
SLB,2009,0.53
SLB,2010,0.53
SLB,2011,0.53
SLB,2012,0.53
SLB,2013,0.53
SLB,2014,0.53
SLB,2015,0.53
SLB,2016,0.53
SLB,2017,0.53
SLB,2018,0.53
SLB,2019,0.53
SLB,2020,0.53
SLB,2021,0.53
SLB,2022,0.53
SLB,2023,0.53
SLB,2024,0.53
SLB,2025,0.53
BRN,2000,0.34
BRN,2001,0.34
BRN,2002,0.34
BRN,2003,0.34
BRN,2004,0.34
BRN,2005,0.34
BRN,2006,0.34
BRN,2007,0.34
BRN,2008,0.34
BRN,2009,0.34
BRN,2010,0.34
BRN,2011,0.34
BRN,2012,0.34
BRN,2013,0.34
BRN,2014,0.34
BRN,2015,0.34
BRN,2016,0.34
BRN,2017,0.34
BRN,2018,0.34
BRN,2019,0.34
BRN,2020,0.34
BRN,2021,0.34
BRN,2022,0.34
BRN,2023,0.34
BRN,2024,0.34
BRN,2025,0.34
BGR,2000,0.3
BGR,2001,0.3
BGR,2002,0.3
BGR,2003,0.3
BGR,2004,0.3
BGR,2005,0.3
BGR,2006,0.3
BGR,2007,0.3
BGR,2008,0.3
BGR,2009,0.3
BGR,2010,0.3
BGR,2011,0.3
BGR,2012,0.3
BGR,2013,0.3
BGR,2014,0.3
BGR,2015,0.3
BGR,2016,0.3
BGR,2017,0.3
BGR,2018,0.3
BGR,2019,0.3
BGR,2020,0.3
BGR,2021,0.3
BGR,2022,0.3
BGR,2023,0.3
BGR,2024,0.3
BGR,2025,0.3
MMR,2000,0.51
MMR,2001,0.51
MMR,2002,0.51
MMR,2003,0.51
MMR,2004,0.51
MMR,2005,0.51
MMR,2006,0.51
MMR,2007,0.51
MMR,2008,0.51
MMR,2009,0.51
MMR,2010,0.51
MMR,2011,0.51
MMR,2012,0.51
MMR,2013,0.51
MMR,2014,0.51
MMR,2015,0.51
MMR,2016,0.51
MMR,2017,0.51
MMR,2018,0.51
MMR,2019,0.51
MMR,2020,0.51
MMR,2021,0.51
MMR,2022,0.51
MMR,2023,0.51
MMR,2024,0.51
MMR,2025,0.51
BDI,2000,0.3
BDI,2001,0.3
BDI,2002,0.3
BDI,2003,0.3
BDI,2004,0.3
BDI,2005,0.3
BDI,2006,0.3
BDI,2007,0.3
BDI,2008,0.3
BDI,2009,0.3
BDI,2010,0.3
BDI,2011,0.3
BDI,2012,0.3
BDI,2013,0.3
BDI,2014,0.3
BDI,2015,0.3
BDI,2016,0.3
BDI,2017,0.3
BDI,2018,0.3
BDI,2019,0.3
BDI,2020,0.3
BDI,2021,0.3
BDI,2022,0.3
BDI,2023,0.3
BDI,2024,0.3
BDI,2025,0.3
BLR,2000,0.47
BLR,2001,0.47
BLR,2002,0.47
BLR,2003,0.47
BLR,2004,0.47
BLR,2005,0.47
BLR,2006,0.47
BLR,2007,0.47
BLR,2008,0.47
BLR,2009,0.47
BLR,2010,0.47
BLR,2011,0.47
BLR,2012,0.47
BLR,2013,0.47
BLR,2014,0.47
BLR,2015,0.47
BLR,2016,0.47
BLR,2017,0.47
BLR,2018,0.47
BLR,2019,0.47
BLR,2020,0.47
BLR,2021,0.47
BLR,2022,0.47
BLR,2023,0.47
BLR,2024,0.47
BLR,2025,0.47
KHM,2000,0.21
KHM,2001,0.21
KHM,2002,0.21
KHM,2003,0.21
KHM,2004,0.21
KHM,2005,0.21
KHM,2006,0.21
KHM,2007,0.21
KHM,2008,0.21
KHM,2009,0.21
KHM,2010,0.21
KHM,2011,0.21
KHM,2012,0.21
KHM,2013,0.21
KHM,2014,0.21
KHM,2015,0.21
KHM,2016,0.21
KHM,2017,0.21
KHM,2018,0.21
KHM,2019,0.21
KHM,2020,0.21
KHM,2021,0.21
KHM,2022,0.21
KHM,2023,0.21
KHM,2024,0.21
KHM,2025,0.21
CMR,2000,0.89
CMR,2001,0.89
CMR,2002,0.89
CMR,2003,0.89
CMR,2004,0.89
CMR,2005,0.89
CMR,2006,0.89
CMR,2007,0.89
CMR,2008,0.89
CMR,2009,0.89
CMR,2010,0.89
CMR,2011,0.89
CMR,2012,0.89
CMR,2013,0.89
CMR,2014,0.89
CMR,2015,0.89
CMR,2016,0.89
CMR,2017,0.89
CMR,2018,0.89
CMR,2019,0.89
CMR,2020,0.89
CMR,2021,0.89
CMR,2022,0.89
CMR,2023,0.89
CMR,2024,0.89
CMR,2025,0.89
CAN,2000,0.58
CAN,2001,0.58
CAN,2002,0.58
CAN,2003,0.58
CAN,2004,0.58
CAN,2005,0.58
CAN,2006,0.58
CAN,2007,0.58
CAN,2008,0.58
CAN,2009,0.58
CAN,2010,0.58
CAN,2011,0.58
CAN,2012,0.58
CAN,2013,0.58
CAN,2014,0.58
CAN,2015,0.58
CAN,2016,0.58
CAN,2017,0.58
CAN,2018,0.58
CAN,2019,0.58
CAN,2020,0.58
CAN,2021,0.58
CAN,2022,0.58
CAN,2023,0.58
CAN,2024,0.58
CAN,2025,0.58
CAF,2000,0.83
CAF,2001,0.83
CAF,2002,0.83
CAF,2003,0.83
CAF,2004,0.83
CAF,2005,0.83
CAF,2006,0.83
CAF,2007,0.83
CAF,2008,0.83
CAF,2009,0.83
CAF,2010,0.83
CAF,2011,0.83
CAF,2012,0.83
CAF,2013,0.83
CAF,2014,0.83
CAF,2015,0.83
CAF,2016,0.83
CAF,2017,0.83
CAF,2018,0.83
CAF,2019,0.83
CAF,2020,0.83
CAF,2021,0.83
CAF,2022,0.83
CAF,2023,0.83
CAF,2024,0.83
CAF,2025,0.83
LKA,2000,0.46
LKA,2001,0.46
LKA,2002,0.46
LKA,2003,0.46
LKA,2004,0.46
LKA,2005,0.46
LKA,2006,0.46
LKA,2007,0.46
LKA,2008,0.46
LKA,2009,0.46
LKA,2010,0.46
LKA,2011,0.46
LKA,2012,0.46
LKA,2013,0.46
LKA,2014,0.46
LKA,2015,0.46
LKA,2016,0.46
LKA,2017,0.46
LKA,2018,0.46
LKA,2019,0.46
LKA,2020,0.46
LKA,2021,0.46
LKA,2022,0.46
LKA,2023,0.46
LKA,2024,0.46
LKA,2025,0.46
TCD,2000,0.86
TCD,2001,0.86
TCD,2002,0.86
TCD,2003,0.86
TCD,2004,0.86
TCD,2005,0.86
TCD,2006,0.86
TCD,2007,0.86
TCD,2008,0.86
TCD,2009,0.86
TCD,2010,0.86
TCD,2011,0.86
TCD,2012,0.86
TCD,2013,0.86
TCD,2014,0.86
TCD,2015,0.86
TCD,2016,0.86
TCD,2017,0.86
TCD,2018,0.86
TCD,2019,0.86
TCD,2020,0.86
TCD,2021,0.86
TCD,2022,0.86
TCD,2023,0.86
TCD,2024,0.86
TCD,2025,0.86
CHL,2000,0.19
CHL,2001,0.19
CHL,2002,0.19
CHL,2003,0.19
CHL,2004,0.19
CHL,2005,0.19
CHL,2006,0.19
CHL,2007,0.19
CHL,2008,0.19
CHL,2009,0.19
CHL,2010,0.19
CHL,2011,0.19
CHL,2012,0.19
CHL,2013,0.19
CHL,2014,0.19
CHL,2015,0.19
CHL,2016,0.19
CHL,2017,0.19
CHL,2018,0.19
CHL,2019,0.19
CHL,2020,0.19
CHL,2021,0.19
CHL,2022,0.19
CHL,2023,0.19
CHL,2024,0.19
CHL,2025,0.19
CHN,2000,0.13
CHN,2001,0.13
CHN,2002,0.13
CHN,2003,0.13
CHN,2004,0.13
CHN,2005,0.13
CHN,2006,0.13
CHN,2007,0.13
CHN,2008,0.13
CHN,2009,0.13
CHN,2010,0.13
CHN,2011,0.13
CHN,2012,0.13
CHN,2013,0.13
CHN,2014,0.13
CHN,2015,0.13
CHN,2016,0.13
CHN,2017,0.13
CHN,2018,0.13
CHN,2019,0.13
CHN,2020,0.13
CHN,2021,0.13
CHN,2022,0.13
CHN,2023,0.13
CHN,2024,0.13
CHN,2025,0.13
TWN,2000,0.5
TWN,2001,0.5
TWN,2002,0.5
TWN,2003,0.5
TWN,2004,0.5
TWN,2005,0.5
TWN,2006,0.5
TWN,2007,0.5
TWN,2008,0.5
TWN,2009,0.5
TWN,2010,0.5
TWN,2011,0.5
TWN,2012,0.5
TWN,2013,0.5
TWN,2014,0.5
TWN,2015,0.5
TWN,2016,0.5
TWN,2017,0.5
TWN,2018,0.5
TWN,2019,0.5
TWN,2020,0.5
TWN,2021,0.5
TWN,2022,0.5
TWN,2023,0.5
TWN,2024,0.5
TWN,2025,0.5
COL,2000,0.02
COL,2001,0.02
COL,2002,0.02
COL,2003,0.02
COL,2004,0.02
COL,2005,0.02
COL,2006,0.02
COL,2007,0.02
COL,2008,0.02
COL,2009,0.02
COL,2010,0.02
COL,2011,0.02
COL,2012,0.02
COL,2013,0.02
COL,2014,0.02
COL,2015,0.02
COL,2016,0.02
COL,2017,0.02
COL,2018,0.02
COL,2019,0.02
COL,2020,0.02
COL,2021,0.02
COL,2022,0.02
COL,2023,0.02
COL,2024,0.02
COL,2025,0.02
COM,2000,0.01
COM,2001,0.01
COM,2002,0.01
COM,2003,0.01
COM,2004,0.01
COM,2005,0.01
COM,2006,0.01
COM,2007,0.01
COM,2008,0.01
COM,2009,0.01
COM,2010,0.01
COM,2011,0.01
COM,2012,0.01
COM,2013,0.01
COM,2014,0.01
COM,2015,0.01
COM,2016,0.01
COM,2017,0.01
COM,2018,0.01
COM,2019,0.01
COM,2020,0.01
COM,2021,0.01
COM,2022,0.01
COM,2023,0.01
COM,2024,0.01
COM,2025,0.01
COG,2000,0.69
COG,2001,0.69
COG,2002,0.69
COG,2003,0.69
COG,2004,0.69
COG,2005,0.69
COG,2006,0.69
COG,2007,0.69
COG,2008,0.69
COG,2009,0.69
COG,2010,0.69
COG,2011,0.69
COG,2012,0.69
COG,2013,0.69
COG,2014,0.69
COG,2015,0.69
COG,2016,0.69
COG,2017,0.69
COG,2018,0.69
COG,2019,0.69
COG,2020,0.69
COG,2021,0.69
COG,2022,0.69
COG,2023,0.69
COG,2024,0.69
COG,2025,0.69
COD,2000,0.87
COD,2001,0.87
COD,2002,0.87
COD,2003,0.87
COD,2004,0.87
COD,2005,0.87
COD,2006,0.87
COD,2007,0.87
COD,2008,0.87
COD,2009,0.87
COD,2010,0.87
COD,2011,0.87
COD,2012,0.87
COD,2013,0.87
COD,2014,0.87
COD,2015,0.87
COD,2016,0.87
COD,2017,0.87
COD,2018,0.87
COD,2019,0.87
COD,2020,0.87
COD,2021,0.87
COD,2022,0.87
COD,2023,0.87
COD,2024,0.87
COD,2025,0.87
CRI,2000,0.05
CRI,2001,0.05
CRI,2002,0.05
CRI,2003,0.05
CRI,2004,0.05
CRI,2005,0.05
CRI,2006,0.05
CRI,2007,0.05
CRI,2008,0.05
CRI,2009,0.05
CRI,2010,0.05
CRI,2011,0.05
CRI,2012,0.05
CRI,2013,0.05
CRI,2014,0.05
CRI,2015,0.05
CRI,2016,0.05
CRI,2017,0.05
CRI,2018,0.05
CRI,2019,0.05
CRI,2020,0.05
CRI,2021,0.05
CRI,2022,0.05
CRI,2023,0.05
CRI,2024,0.05
CRI,2025,0.05
HRV,2000,0.08
HRV,2001,0.08
HRV,2002,0.08
HRV,2003,0.08
HRV,2004,0.08
HRV,2005,0.08
HRV,2006,0.08
HRV,2007,0.08
HRV,2008,0.08
HRV,2009,0.08
HRV,2010,0.08
HRV,2011,0.08
HRV,2012,0.08
HRV,2013,0.08
HRV,2014,0.08
HRV,2015,0.08
HRV,2016,0.08
HRV,2017,0.08
HRV,2018,0.08
HRV,2019,0.08
HRV,2020,0.08
HRV,2021,0.08
HRV,2022,0.08
HRV,2023,0.08
HRV,2024,0.08
HRV,2025,0.08
CYP,2000,0.4
CYP,2001,0.4
CYP,2002,0.4
CYP,2003,0.4
CYP,2004,0.4
CYP,2005,0.4
CYP,2006,0.4
CYP,2007,0.4
CYP,2008,0.4
CYP,2009,0.4
CYP,2010,0.4
CYP,2011,0.4
CYP,2012,0.4
CYP,2013,0.4
CYP,2014,0.4
CYP,2015,0.4
CYP,2016,0.4
CYP,2017,0.4
CYP,2018,0.4
CYP,2019,0.4
CYP,2020,0.4
CYP,2021,0.4
CYP,2022,0.4
CYP,2023,0.4
CYP,2024,0.4
CYP,2025,0.4
CZE,2000,0.32
CZE,2001,0.32
CZE,2002,0.32
CZE,2003,0.32
CZE,2004,0.32
CZE,2005,0.32
CZE,2006,0.32
CZE,2007,0.32
CZE,2008,0.32
CZE,2009,0.32
CZE,2010,0.32
CZE,2011,0.32
CZE,2012,0.32
CZE,2013,0.32
CZE,2014,0.32
CZE,2015,0.32
CZE,2016,0.32
CZE,2017,0.32
CZE,2018,0.32
CZE,2019,0.32
CZE,2020,0.32
CZE,2021,0.32
CZE,2022,0.32
CZE,2023,0.32
CZE,2024,0.32
CZE,2025,0.32
BEN,2000,0.79
BEN,2001,0.79
BEN,2002,0.79
BEN,2003,0.79
BEN,2004,0.79
BEN,2005,0.79
BEN,2006,0.79
BEN,2007,0.79
BEN,2008,0.79
BEN,2009,0.79
BEN,2010,0.79
BEN,2011,0.79
BEN,2012,0.79
BEN,2013,0.79
BEN,2014,0.79
BEN,2015,0.79
BEN,2016,0.79
BEN,2017,0.79
BEN,2018,0.79
BEN,2019,0.79
BEN,2020,0.79
BEN,2021,0.79
BEN,2022,0.79
BEN,2023,0.79
BEN,2024,0.79
BEN,2025,0.79
DNK,2000,0.1
DNK,2001,0.1
DNK,2002,0.1
DNK,2003,0.1
DNK,2004,0.1
DNK,2005,0.1
DNK,2006,0.1
DNK,2007,0.1
DNK,2008,0.1
DNK,2009,0.1
DNK,2010,0.1
DNK,2011,0.1
DNK,2012,0.1
DNK,2013,0.1
DNK,2014,0.1
DNK,2015,0.1
DNK,2016,0.1
DNK,2017,0.1
DNK,2018,0.1
DNK,2019,0.1
DNK,2020,0.1
DNK,2021,0.1
DNK,2022,0.1
DNK,2023,0.1
DNK,2024,0.1
DNK,2025,0.1
DOM,2000,0.04
DOM,2001,0.04
DOM,2002,0.04
DOM,2003,0.04
DOM,2004,0.04
DOM,2005,0.04
DOM,2006,0.04
DOM,2007,0.04
DOM,2008,0.04
DOM,2009,0.04
DOM,2010,0.04
DOM,2011,0.04
DOM,2012,0.04
DOM,2013,0.04
DOM,2014,0.04
DOM,2015,0.04
DOM,2016,0.04
DOM,2017,0.04
DOM,2018,0.04
DOM,2019,0.04
DOM,2020,0.04
DOM,2021,0.04
DOM,2022,0.04
DOM,2023,0.04
DOM,2024,0.04
DOM,2025,0.04
ECU,2000,0.13
ECU,2001,0.13
ECU,2002,0.13
ECU,2003,0.13
ECU,2004,0.13
ECU,2005,0.13
ECU,2006,0.13
ECU,2007,0.13
ECU,2008,0.13
ECU,2009,0.13
ECU,2010,0.13
ECU,2011,0.13
ECU,2012,0.13
ECU,2013,0.13
ECU,2014,0.13
ECU,2015,0.13
ECU,2016,0.13
ECU,2017,0.13
ECU,2018,0.13
ECU,2019,0.13
ECU,2020,0.13
ECU,2021,0.13
ECU,2022,0.13
ECU,2023,0.13
ECU,2024,0.13
ECU,2025,0.13
GNQ,2000,0.32
GNQ,2001,0.32
GNQ,2002,0.32
GNQ,2003,0.32
GNQ,2004,0.32
GNQ,2005,0.32
GNQ,2006,0.32
GNQ,2007,0.32
GNQ,2008,0.32
GNQ,2009,0.32
GNQ,2010,0.32
GNQ,2011,0.32
GNQ,2012,0.32
GNQ,2013,0.32
GNQ,2014,0.32
GNQ,2015,0.32
GNQ,2016,0.32
GNQ,2017,0.32
GNQ,2018,0.32
GNQ,2019,0.32
GNQ,2020,0.32
GNQ,2021,0.32
GNQ,2022,0.32
GNQ,2023,0.32
GNQ,2024,0.32
GNQ,2025,0.32
ETH,2000,0.81
ETH,2001,0.81
ETH,2002,0.81
ETH,2003,0.81
ETH,2004,0.81
ETH,2005,0.81
ETH,2006,0.81
ETH,2007,0.81
ETH,2008,0.81
ETH,2009,0.81
ETH,2010,0.81
ETH,2011,0.81
ETH,2012,0.81
ETH,2013,0.81
ETH,2014,0.81
ETH,2015,0.81
ETH,2016,0.81
ETH,2017,0.81
ETH,2018,0.81
ETH,2019,0.81
ETH,2020,0.81
ETH,2021,0.81
ETH,2022,0.81
ETH,2023,0.81
ETH,2024,0.81
ETH,2025,0.81
ERI,2000,0.65
ERI,2001,0.65
ERI,2002,0.65
ERI,2003,0.65
ERI,2004,0.65
ERI,2005,0.65
ERI,2006,0.65
ERI,2007,0.65
ERI,2008,0.65
ERI,2009,0.65
ERI,2010,0.65
ERI,2011,0.65
ERI,2012,0.65
ERI,2013,0.65
ERI,2014,0.65
ERI,2015,0.65
ERI,2016,0.65
ERI,2017,0.65
ERI,2018,0.65
ERI,2019,0.65
ERI,2020,0.65
ERI,2021,0.65
ERI,2022,0.65
ERI,2023,0.65
ERI,2024,0.65
ERI,2025,0.65
EST,2000,0.49
EST,2001,0.49
EST,2002,0.49
EST,2003,0.49
EST,2004,0.49
EST,2005,0.49
EST,2006,0.49
EST,2007,0.49
EST,2008,0.49
EST,2009,0.49
EST,2010,0.49
EST,2011,0.49
EST,2012,0.49
EST,2013,0.49
EST,2014,0.49
EST,2015,0.49
EST,2016,0.49
EST,2017,0.49
EST,2018,0.49
EST,2019,0.49
EST,2020,0.49
EST,2021,0.49
EST,2022,0.49
EST,2023,0.49
EST,2024,0.49
EST,2025,0.49
FJI,2000,0.55
FJI,2001,0.55
FJI,2002,0.55
FJI,2003,0.55
FJI,2004,0.55
FJI,2005,0.55
FJI,2006,0.55
FJI,2007,0.55
FJI,2008,0.55
FJI,2009,0.55
FJI,2010,0.55
FJI,2011,0.55
FJI,2012,0.55
FJI,2013,0.55
FJI,2014,0.55
FJI,2015,0.55
FJI,2016,0.55
FJI,2017,0.55
FJI,2018,0.55
FJI,2019,0.55
FJI,2020,0.55
FJI,2021,0.55
FJI,2022,0.55
FJI,2023,0.55
FJI,2024,0.55
FJI,2025,0.55
FIN,2000,0.14
FIN,2001,0.14
FIN,2002,0.14
FIN,2003,0.14
FIN,2004,0.14
FIN,2005,0.14
FIN,2006,0.14
FIN,2007,0.14
FIN,2008,0.14
FIN,2009,0.14
FIN,2010,0.14
FIN,2011,0.14
FIN,2012,0.14
FIN,2013,0.14
FIN,2014,0.14
FIN,2015,0.14
FIN,2016,0.14
FIN,2017,0.14
FIN,2018,0.14
FIN,2019,0.14
FIN,2020,0.14
FIN,2021,0.14
FIN,2022,0.14
FIN,2023,0.14
FIN,2024,0.14
FIN,2025,0.14
FRA,2000,0.12
FRA,2001,0.12
FRA,2002,0.12
FRA,2003,0.12
FRA,2004,0.12
FRA,2005,0.12
FRA,2006,0.12
FRA,2007,0.12
FRA,2008,0.12
FRA,2009,0.12
FRA,2010,0.12
FRA,2011,0.12
FRA,2012,0.12
FRA,2013,0.12
FRA,2014,0.12
FRA,2015,0.12
FRA,2016,0.12
FRA,2017,0.12
FRA,2018,0.12
FRA,2019,0.12
FRA,2020,0.12
FRA,2021,0.12
FRA,2022,0.12
FRA,2023,0.12
FRA,2024,0.12
FRA,2025,0.12
DJI,2000,0.66
DJI,2001,0.66
DJI,2002,0.66
DJI,2003,0.66
DJI,2004,0.66
DJI,2005,0.66
DJI,2006,0.66
DJI,2007,0.66
DJI,2008,0.66
DJI,2009,0.66
DJI,2010,0.66
DJI,2011,0.66
DJI,2012,0.66
DJI,2013,0.66
DJI,2014,0.66
DJI,2015,0.66
DJI,2016,0.66
DJI,2017,0.66
DJI,2018,0.66
DJI,2019,0.66
DJI,2020,0.66
DJI,2021,0.66
DJI,2022,0.66
DJI,2023,0.66
DJI,2024,0.66
DJI,2025,0.66
GAB,2000,0.78
GAB,2001,0.78
GAB,2002,0.78
GAB,2003,0.78
GAB,2004,0.78
GAB,2005,0.78
GAB,2006,0.78
GAB,2007,0.78
GAB,2008,0.78
GAB,2009,0.78
GAB,2010,0.78
GAB,2011,0.78
GAB,2012,0.78
GAB,2013,0.78
GAB,2014,0.78
GAB,2015,0.78
GAB,2016,0.78
GAB,2017,0.78
GAB,2018,0.78
GAB,2019,0.78
GAB,2020,0.78
GAB,2021,0.78
GAB,2022,0.78
GAB,2023,0.78
GAB,2024,0.78
GAB,2025,0.78
GEO,2000,0.47
GEO,2001,0.47
GEO,2002,0.47
GEO,2003,0.47
GEO,2004,0.47
GEO,2005,0.47
GEO,2006,0.47
GEO,2007,0.47
GEO,2008,0.47
GEO,2009,0.47
GEO,2010,0.47
GEO,2011,0.47
GEO,2012,0.47
GEO,2013,0.47
GEO,2014,0.47
GEO,2015,0.47
GEO,2016,0.47
GEO,2017,0.47
GEO,2018,0.47
GEO,2019,0.47
GEO,2020,0.47
GEO,2021,0.47
GEO,2022,0.47
GEO,2023,0.47
GEO,2024,0.47
GEO,2025,0.47
GMB,2000,0.81
GMB,2001,0.81
GMB,2002,0.81
GMB,2003,0.81
GMB,2004,0.81
GMB,2005,0.81
GMB,2006,0.81
GMB,2007,0.81
GMB,2008,0.81
GMB,2009,0.81
GMB,2010,0.81
GMB,2011,0.81
GMB,2012,0.81
GMB,2013,0.81
GMB,2014,0.81
GMB,2015,0.81
GMB,2016,0.81
GMB,2017,0.81
GMB,2018,0.81
GMB,2019,0.81
GMB,2020,0.81
GMB,2021,0.81
GMB,2022,0.81
GMB,2023,0.81
GMB,2024,0.81
GMB,2025,0.81
DEU,2000,0.16
DEU,2001,0.16
DEU,2002,0.16
DEU,2003,0.16
DEU,2004,0.16
DEU,2005,0.16
DEU,2006,0.16
DEU,2007,0.16
DEU,2008,0.16
DEU,2009,0.16
DEU,2010,0.16
DEU,2011,0.16
DEU,2012,0.16
DEU,2013,0.16
DEU,2014,0.16
DEU,2015,0.16
DEU,2016,0.16
DEU,2017,0.16
DEU,2018,0.16
DEU,2019,0.16
DEU,2020,0.16
DEU,2021,0.16
DEU,2022,0.16
DEU,2023,0.16
DEU,2024,0.16
DEU,2025,0.16
GHA,2000,0.67
GHA,2001,0.67
GHA,2002,0.67
GHA,2003,0.67
GHA,2004,0.67
GHA,2005,0.67
GHA,2006,0.67
GHA,2007,0.67
GHA,2008,0.67
GHA,2009,0.67
GHA,2010,0.67
GHA,2011,0.67
GHA,2012,0.67
GHA,2013,0.67
GHA,2014,0.67
GHA,2015,0.67
GHA,2016,0.67
GHA,2017,0.67
GHA,2018,0.67
GHA,2019,0.67
GHA,2020,0.67
GHA,2021,0.67
GHA,2022,0.67
GHA,2023,0.67
GHA,2024,0.67
GHA,2025,0.67
KIR,2000,0.02
KIR,2001,0.02
KIR,2002,0.02
KIR,2003,0.02
KIR,2004,0.02
KIR,2005,0.02
KIR,2006,0.02
KIR,2007,0.02
KIR,2008,0.02
KIR,2009,0.02
KIR,2010,0.02
KIR,2011,0.02
KIR,2012,0.02
KIR,2013,0.02
KIR,2014,0.02
KIR,2015,0.02
KIR,2016,0.02
KIR,2017,0.02
KIR,2018,0.02
KIR,2019,0.02
KIR,2020,0.02
KIR,2021,0.02
KIR,2022,0.02
KIR,2023,0.02
KIR,2024,0.02
KIR,2025,0.02
GRC,2000,0.03
GRC,2001,0.03
GRC,2002,0.03
GRC,2003,0.03
GRC,2004,0.03
GRC,2005,0.03
GRC,2006,0.03
GRC,2007,0.03
GRC,2008,0.03
GRC,2009,0.03
GRC,2010,0.03
GRC,2011,0.03
GRC,2012,0.03
GRC,2013,0.03
GRC,2014,0.03
GRC,2015,0.03
GRC,2016,0.03
GRC,2017,0.03
GRC,2018,0.03
GRC,2019,0.03
GRC,2020,0.03
GRC,2021,0.03
GRC,2022,0.03
GRC,2023,0.03
GRC,2024,0.03
GRC,2025,0.03
GTM,2000,0.46
GTM,2001,0.46
GTM,2002,0.46
GTM,2003,0.46
GTM,2004,0.46
GTM,2005,0.46
GTM,2006,0.46
GTM,2007,0.46
GTM,2008,0.46
GTM,2009,0.46
GTM,2010,0.46
GTM,2011,0.46
GTM,2012,0.46
GTM,2013,0.46
GTM,2014,0.46
GTM,2015,0.46
GTM,2016,0.46
GTM,2017,0.46
GTM,2018,0.46
GTM,2019,0.46
GTM,2020,0.46
GTM,2021,0.46
GTM,2022,0.46
GTM,2023,0.46
GTM,2024,0.46
GTM,2025,0.46
GIN,2000,0.77
GIN,2001,0.77
GIN,2002,0.77
GIN,2003,0.77
GIN,2004,0.77
GIN,2005,0.77
GIN,2006,0.77
GIN,2007,0.77
GIN,2008,0.77
GIN,2009,0.77
GIN,2010,0.77
GIN,2011,0.77
GIN,2012,0.77
GIN,2013,0.77
GIN,2014,0.77
GIN,2015,0.77
GIN,2016,0.77
GIN,2017,0.77
GIN,2018,0.77
GIN,2019,0.77
GIN,2020,0.77
GIN,2021,0.77
GIN,2022,0.77
GIN,2023,0.77
GIN,2024,0.77
GIN,2025,0.77
GUY,2000,0.07
GUY,2001,0.07
GUY,2002,0.07
GUY,2003,0.07
GUY,2004,0.07
GUY,2005,0.07
GUY,2006,0.07
GUY,2007,0.07
GUY,2008,0.07
GUY,2009,0.07
GUY,2010,0.07
GUY,2011,0.07
GUY,2012,0.07
GUY,2013,0.07
GUY,2014,0.07
GUY,2015,0.07
GUY,2016,0.07
GUY,2017,0.07
GUY,2018,0.07
GUY,2019,0.07
GUY,2020,0.07
GUY,2021,0.07
GUY,2022,0.07
GUY,2023,0.07
GUY,2024,0.07
GUY,2025,0.07
HND,2000,0.06
HND,2001,0.06
HND,2002,0.06
HND,2003,0.06
HND,2004,0.06
HND,2005,0.06
HND,2006,0.06
HND,2007,0.06
HND,2008,0.06
HND,2009,0.06
HND,2010,0.06
HND,2011,0.06
HND,2012,0.06
HND,2013,0.06
HND,2014,0.06
HND,2015,0.06
HND,2016,0.06
HND,2017,0.06
HND,2018,0.06
HND,2019,0.06
HND,2020,0.06
HND,2021,0.06
HND,2022,0.06
HND,2023,0.06
HND,2024,0.06
HND,2025,0.06
HUN,2000,0.03
HUN,2001,0.03
HUN,2002,0.03
HUN,2003,0.03
HUN,2004,0.03
HUN,2005,0.03
HUN,2006,0.03
HUN,2007,0.03
HUN,2008,0.03
HUN,2009,0.03
HUN,2010,0.03
HUN,2011,0.03
HUN,2012,0.03
HUN,2013,0.03
HUN,2014,0.03
HUN,2015,0.03
HUN,2016,0.03
HUN,2017,0.03
HUN,2018,0.03
HUN,2019,0.03
HUN,2020,0.03
HUN,2021,0.03
HUN,2022,0.03
HUN,2023,0.03
HUN,2024,0.03
HUN,2025,0.03
ISL,2000,0.08
ISL,2001,0.08
ISL,2002,0.08
ISL,2003,0.08
ISL,2004,0.08
ISL,2005,0.08
ISL,2006,0.08
ISL,2007,0.08
ISL,2008,0.08
ISL,2009,0.08
ISL,2010,0.08
ISL,2011,0.08
ISL,2012,0.08
ISL,2013,0.08
ISL,2014,0.08
ISL,2015,0.08
ISL,2016,0.08
ISL,2017,0.08
ISL,2018,0.08
ISL,2019,0.08
ISL,2020,0.08
ISL,2021,0.08
ISL,2022,0.08
ISL,2023,0.08
ISL,2024,0.08
ISL,2025,0.08
IND,2000,0.81
IND,2001,0.81
IND,2002,0.81
IND,2003,0.81
IND,2004,0.81
IND,2005,0.81
IND,2006,0.81
IND,2007,0.81
IND,2008,0.81
IND,2009,0.81
IND,2010,0.81
IND,2011,0.81
IND,2012,0.81
IND,2013,0.81
IND,2014,0.81
IND,2015,0.81
IND,2016,0.81
IND,2017,0.81
IND,2018,0.81
IND,2019,0.81
IND,2020,0.81
IND,2021,0.81
IND,2022,0.81
IND,2023,0.81
IND,2024,0.81
IND,2025,0.81
IDN,2000,0.77
IDN,2001,0.77
IDN,2002,0.77
IDN,2003,0.77
IDN,2004,0.77
IDN,2005,0.77
IDN,2006,0.77
IDN,2007,0.77
IDN,2008,0.77
IDN,2009,0.77
IDN,2010,0.77
IDN,2011,0.77
IDN,2012,0.77
IDN,2013,0.77
IDN,2014,0.77
IDN,2015,0.77
IDN,2016,0.77
IDN,2017,0.77
IDN,2018,0.77
IDN,2019,0.77
IDN,2020,0.77
IDN,2021,0.77
IDN,2022,0.77
IDN,2023,0.77
IDN,2024,0.77
IDN,2025,0.77
IRN,2000,0.75
IRN,2001,0.75
IRN,2002,0.75
IRN,2003,0.75
IRN,2004,0.75
IRN,2005,0.75
IRN,2006,0.75
IRN,2007,0.75
IRN,2008,0.75
IRN,2009,0.75
IRN,2010,0.75
IRN,2011,0.75
IRN,2012,0.75
IRN,2013,0.75
IRN,2014,0.75
IRN,2015,0.75
IRN,2016,0.75
IRN,2017,0.75
IRN,2018,0.75
IRN,2019,0.75
IRN,2020,0.75
IRN,2021,0.75
IRN,2022,0.75
IRN,2023,0.75
IRN,2024,0.75
IRN,2025,0.75
IRQ,2000,0.37
IRQ,2001,0.37
IRQ,2002,0.37
IRQ,2003,0.37
IRQ,2004,0.37
IRQ,2005,0.37
IRQ,2006,0.37
IRQ,2007,0.37
IRQ,2008,0.37
IRQ,2009,0.37
IRQ,2010,0.37
IRQ,2011,0.37
IRQ,2012,0.37
IRQ,2013,0.37
IRQ,2014,0.37
IRQ,2015,0.37
IRQ,2016,0.37
IRQ,2017,0.37
IRQ,2018,0.37
IRQ,2019,0.37
IRQ,2020,0.37
IRQ,2021,0.37
IRQ,2022,0.37
IRQ,2023,0.37
IRQ,2024,0.37
IRQ,2025,0.37
IRL,2000,0.03
IRL,2001,0.03
IRL,2002,0.03
IRL,2003,0.03
IRL,2004,0.03
IRL,2005,0.03
IRL,2006,0.03
IRL,2007,0.03
IRL,2008,0.03
IRL,2009,0.03
IRL,2010,0.03
IRL,2011,0.03
IRL,2012,0.03
IRL,2013,0.03
IRL,2014,0.03
IRL,2015,0.03
IRL,2016,0.03
IRL,2017,0.03
IRL,2018,0.03
IRL,2019,0.03
IRL,2020,0.03
IRL,2021,0.03
IRL,2022,0.03
IRL,2023,0.03
IRL,2024,0.03
IRL,2025,0.03
ISR,2000,0.55
ISR,2001,0.55
ISR,2002,0.55
ISR,2003,0.55
ISR,2004,0.55
ISR,2005,0.55
ISR,2006,0.55
ISR,2007,0.55
ISR,2008,0.55
ISR,2009,0.55
ISR,2010,0.55
ISR,2011,0.55
ISR,2012,0.55
ISR,2013,0.55
ISR,2014,0.55
ISR,2015,0.55
ISR,2016,0.55
ISR,2017,0.55
ISR,2018,0.55
ISR,2019,0.55
ISR,2020,0.55
ISR,2021,0.55
ISR,2022,0.55
ISR,2023,0.55
ISR,2024,0.55
ISR,2025,0.55
ITA,2000,0.11
ITA,2001,0.11
ITA,2002,0.11
ITA,2003,0.11
ITA,2004,0.11
ITA,2005,0.11
ITA,2006,0.11
ITA,2007,0.11
ITA,2008,0.11
ITA,2009,0.11
ITA,2010,0.11
ITA,2011,0.11
ITA,2012,0.11
ITA,2013,0.11
ITA,2014,0.11
ITA,2015,0.11
ITA,2016,0.11
ITA,2017,0.11
ITA,2018,0.11
ITA,2019,0.11
ITA,2020,0.11
ITA,2021,0.11
ITA,2022,0.11
ITA,2023,0.11
ITA,2024,0.11
ITA,2025,0.11
CIV,2000,0.78
CIV,2001,0.78
CIV,2002,0.78
CIV,2003,0.78
CIV,2004,0.78
CIV,2005,0.78
CIV,2006,0.78
CIV,2007,0.78
CIV,2008,0.78
CIV,2009,0.78
CIV,2010,0.78
CIV,2011,0.78
CIV,2012,0.78
CIV,2013,0.78
CIV,2014,0.78
CIV,2015,0.78
CIV,2016,0.78
CIV,2017,0.78
CIV,2018,0.78
CIV,2019,0.78
CIV,2020,0.78
CIV,2021,0.78
CIV,2022,0.78
CIV,2023,0.78
CIV,2024,0.78
CIV,2025,0.78
JAM,2000,0.11
JAM,2001,0.11
JAM,2002,0.11
JAM,2003,0.11
JAM,2004,0.11
JAM,2005,0.11
JAM,2006,0.11
JAM,2007,0.11
JAM,2008,0.11
JAM,2009,0.11
JAM,2010,0.11
JAM,2011,0.11
JAM,2012,0.11
JAM,2013,0.11
JAM,2014,0.11
JAM,2015,0.11
JAM,2016,0.11
JAM,2017,0.11
JAM,2018,0.11
JAM,2019,0.11
JAM,2020,0.11
JAM,2021,0.11
JAM,2022,0.11
JAM,2023,0.11
JAM,2024,0.11
JAM,2025,0.11
JPN,2000,0.02
JPN,2001,0.02
JPN,2002,0.02
JPN,2003,0.02
JPN,2004,0.02
JPN,2005,0.02
JPN,2006,0.02
JPN,2007,0.02
JPN,2008,0.02
JPN,2009,0.02
JPN,2010,0.02
JPN,2011,0.02
JPN,2012,0.02
JPN,2013,0.02
JPN,2014,0.02
JPN,2015,0.02
JPN,2016,0.02
JPN,2017,0.02
JPN,2018,0.02
JPN,2019,0.02
JPN,2020,0.02
JPN,2021,0.02
JPN,2022,0.02
JPN,2023,0.02
JPN,2024,0.02
JPN,2025,0.02
KAZ,2000,0.66
KAZ,2001,0.66
KAZ,2002,0.66
KAZ,2003,0.66
KAZ,2004,0.66
KAZ,2005,0.66
KAZ,2006,0.66
KAZ,2007,0.66
KAZ,2008,0.66
KAZ,2009,0.66
KAZ,2010,0.66
KAZ,2011,0.66
KAZ,2012,0.66
KAZ,2013,0.66
KAZ,2014,0.66
KAZ,2015,0.66
KAZ,2016,0.66
KAZ,2017,0.66
KAZ,2018,0.66
KAZ,2019,0.66
KAZ,2020,0.66
KAZ,2021,0.66
KAZ,2022,0.66
KAZ,2023,0.66
KAZ,2024,0.66
KAZ,2025,0.66
JOR,2000,0.04
JOR,2001,0.04
JOR,2002,0.04
JOR,2003,0.04
JOR,2004,0.04
JOR,2005,0.04
JOR,2006,0.04
JOR,2007,0.04
JOR,2008,0.04
JOR,2009,0.04
JOR,2010,0.04
JOR,2011,0.04
JOR,2012,0.04
JOR,2013,0.04
JOR,2014,0.04
JOR,2015,0.04
JOR,2016,0.04
JOR,2017,0.04
JOR,2018,0.04
JOR,2019,0.04
JOR,2020,0.04
JOR,2021,0.04
JOR,2022,0.04
JOR,2023,0.04
JOR,2024,0.04
JOR,2025,0.04
KEN,2000,0.89
KEN,2001,0.89
KEN,2002,0.89
KEN,2003,0.89
KEN,2004,0.89
KEN,2005,0.89
KEN,2006,0.89
KEN,2007,0.89
KEN,2008,0.89
KEN,2009,0.89
KEN,2010,0.89
KEN,2011,0.89
KEN,2012,0.89
KEN,2013,0.89
KEN,2014,0.89
KEN,2015,0.89
KEN,2016,0.89
KEN,2017,0.89
KEN,2018,0.89
KEN,2019,0.89
KEN,2020,0.89
KEN,2021,0.89
KEN,2022,0.89
KEN,2023,0.89
KEN,2024,0.89
KEN,2025,0.89
PRK,2000,0.0
PRK,2001,0.0
PRK,2002,0.0
PRK,2003,0.0
PRK,2004,0.0
PRK,2005,0.0
PRK,2006,0.0
PRK,2007,0.0
PRK,2008,0.0
PRK,2009,0.0
PRK,2010,0.0
PRK,2011,0.0
PRK,2012,0.0
PRK,2013,0.0
PRK,2014,0.0
PRK,2015,0.0
PRK,2016,0.0
PRK,2017,0.0
PRK,2018,0.0
PRK,2019,0.0
PRK,2020,0.0
PRK,2021,0.0
PRK,2022,0.0
PRK,2023,0.0
PRK,2024,0.0
PRK,2025,0.0
KOR,2000,0.0
KOR,2001,0.0
KOR,2002,0.0
KOR,2003,0.0
KOR,2004,0.0
KOR,2005,0.0
KOR,2006,0.0
KOR,2007,0.0
KOR,2008,0.0
KOR,2009,0.0
KOR,2010,0.0
KOR,2011,0.0
KOR,2012,0.0
KOR,2013,0.0
KOR,2014,0.0
KOR,2015,0.0
KOR,2016,0.0
KOR,2017,0.0
KOR,2018,0.0
KOR,2019,0.0
KOR,2020,0.0
KOR,2021,0.0
KOR,2022,0.0
KOR,2023,0.0
KOR,2024,0.0
KOR,2025,0.0
KWT,2000,0.34
KWT,2001,0.34
KWT,2002,0.34
KWT,2003,0.34
KWT,2004,0.34
KWT,2005,0.34
KWT,2006,0.34
KWT,2007,0.34
KWT,2008,0.34
KWT,2009,0.34
KWT,2010,0.34
KWT,2011,0.34
KWT,2012,0.34
KWT,2013,0.34
KWT,2014,0.34
KWT,2015,0.34
KWT,2016,0.34
KWT,2017,0.34
KWT,2018,0.34
KWT,2019,0.34
KWT,2020,0.34
KWT,2021,0.34
KWT,2022,0.34
KWT,2023,0.34
KWT,2024,0.34
KWT,2025,0.34
KGZ,2000,0.59
KGZ,2001,0.59
KGZ,2002,0.59
KGZ,2003,0.59
KGZ,2004,0.59
KGZ,2005,0.59
KGZ,2006,0.59
KGZ,2007,0.59
KGZ,2008,0.59
KGZ,2009,0.59
KGZ,2010,0.59
KGZ,2011,0.59
KGZ,2012,0.59
KGZ,2013,0.59
KGZ,2014,0.59
KGZ,2015,0.59
KGZ,2016,0.59
KGZ,2017,0.59
KGZ,2018,0.59
KGZ,2019,0.59
KGZ,2020,0.59
KGZ,2021,0.59
KGZ,2022,0.59
KGZ,2023,0.59
KGZ,2024,0.59
KGZ,2025,0.59
LAO,2000,0.64
LAO,2001,0.64
LAO,2002,0.64
LAO,2003,0.64
LAO,2004,0.64
LAO,2005,0.64
LAO,2006,0.64
LAO,2007,0.64
LAO,2008,0.64
LAO,2009,0.64
LAO,2010,0.64
LAO,2011,0.64
LAO,2012,0.64
LAO,2013,0.64
LAO,2014,0.64
LAO,2015,0.64
LAO,2016,0.64
LAO,2017,0.64
LAO,2018,0.64
LAO,2019,0.64
LAO,2020,0.64
LAO,2021,0.64
LAO,2022,0.64
LAO,2023,0.64
LAO,2024,0.64
LAO,2025,0.64
LBN,2000,0.13
LBN,2001,0.13
LBN,2002,0.13
LBN,2003,0.13
LBN,2004,0.13
LBN,2005,0.13
LBN,2006,0.13
LBN,2007,0.13
LBN,2008,0.13
LBN,2009,0.13
LBN,2010,0.13
LBN,2011,0.13
LBN,2012,0.13
LBN,2013,0.13
LBN,2014,0.13
LBN,2015,0.13
LBN,2016,0.13
LBN,2017,0.13
LBN,2018,0.13
LBN,2019,0.13
LBN,2020,0.13
LBN,2021,0.13
LBN,2022,0.13
LBN,2023,0.13
LBN,2024,0.13
LBN,2025,0.13
LSO,2000,0.25
LSO,2001,0.25
LSO,2002,0.25
LSO,2003,0.25
LSO,2004,0.25
LSO,2005,0.25
LSO,2006,0.25
LSO,2007,0.25
LSO,2008,0.25
LSO,2009,0.25
LSO,2010,0.25
LSO,2011,0.25
LSO,2012,0.25
LSO,2013,0.25
LSO,2014,0.25
LSO,2015,0.25
LSO,2016,0.25
LSO,2017,0.25
LSO,2018,0.25
LSO,2019,0.25
LSO,2020,0.25
LSO,2021,0.25
LSO,2022,0.25
LSO,2023,0.25
LSO,2024,0.25
LSO,2025,0.25
LVA,2000,0.58
LVA,2001,0.58
LVA,2002,0.58
LVA,2003,0.58
LVA,2004,0.58
LVA,2005,0.58
LVA,2006,0.58
LVA,2007,0.58
LVA,2008,0.58
LVA,2009,0.58
LVA,2010,0.58
LVA,2011,0.58
LVA,2012,0.58
LVA,2013,0.58
LVA,2014,0.58
LVA,2015,0.58
LVA,2016,0.58
LVA,2017,0.58
LVA,2018,0.58
LVA,2019,0.58
LVA,2020,0.58
LVA,2021,0.58
LVA,2022,0.58
LVA,2023,0.58
LVA,2024,0.58
LVA,2025,0.58
LBR,2000,0.9
LBR,2001,0.9
LBR,2002,0.9
LBR,2003,0.9
LBR,2004,0.9
LBR,2005,0.9
LBR,2006,0.9
LBR,2007,0.9
LBR,2008,0.9
LBR,2009,0.9
LBR,2010,0.9
LBR,2011,0.9
LBR,2012,0.9
LBR,2013,0.9
LBR,2014,0.9
LBR,2015,0.9
LBR,2016,0.9
LBR,2017,0.9
LBR,2018,0.9
LBR,2019,0.9
LBR,2020,0.9
LBR,2021,0.9
LBR,2022,0.9
LBR,2023,0.9
LBR,2024,0.9
LBR,2025,0.9
LBY,2000,0.08
LBY,2001,0.08
LBY,2002,0.08
LBY,2003,0.08
LBY,2004,0.08
LBY,2005,0.08
LBY,2006,0.08
LBY,2007,0.08
LBY,2008,0.08
LBY,2009,0.08
LBY,2010,0.08
LBY,2011,0.08
LBY,2012,0.08
LBY,2013,0.08
LBY,2014,0.08
LBY,2015,0.08
LBY,2016,0.08
LBY,2017,0.08
LBY,2018,0.08
LBY,2019,0.08
LBY,2020,0.08
LBY,2021,0.08
LBY,2022,0.08
LBY,2023,0.08
LBY,2024,0.08
LBY,2025,0.08
LIE,2000,0.22
LIE,2001,0.22
LIE,2002,0.22
LIE,2003,0.22
LIE,2004,0.22
LIE,2005,0.22
LIE,2006,0.22
LIE,2007,0.22
LIE,2008,0.22
LIE,2009,0.22
LIE,2010,0.22
LIE,2011,0.22
LIE,2012,0.22
LIE,2013,0.22
LIE,2014,0.22
LIE,2015,0.22
LIE,2016,0.22
LIE,2017,0.22
LIE,2018,0.22
LIE,2019,0.22
LIE,2020,0.22
LIE,2021,0.22
LIE,2022,0.22
LIE,2023,0.22
LIE,2024,0.22
LIE,2025,0.22
LTU,2000,0.32
LTU,2001,0.32
LTU,2002,0.32
LTU,2003,0.32
LTU,2004,0.32
LTU,2005,0.32
LTU,2006,0.32
LTU,2007,0.32
LTU,2008,0.32
LTU,2009,0.32
LTU,2010,0.32
LTU,2011,0.32
LTU,2012,0.32
LTU,2013,0.32
LTU,2014,0.32
LTU,2015,0.32
LTU,2016,0.32
LTU,2017,0.32
LTU,2018,0.32
LTU,2019,0.32
LTU,2020,0.32
LTU,2021,0.32
LTU,2022,0.32
LTU,2023,0.32
LTU,2024,0.32
LTU,2025,0.32
LUX,2000,0.64
LUX,2001,0.64
LUX,2002,0.64
LUX,2003,0.64
LUX,2004,0.64
LUX,2005,0.64
LUX,2006,0.64
LUX,2007,0.64
LUX,2008,0.64
LUX,2009,0.64
LUX,2010,0.64
LUX,2011,0.64
LUX,2012,0.64
LUX,2013,0.64
LUX,2014,0.64
LUX,2015,0.64
LUX,2016,0.64
LUX,2017,0.64
LUX,2018,0.64
LUX,2019,0.64
LUX,2020,0.64
LUX,2021,0.64
LUX,2022,0.64
LUX,2023,0.64
LUX,2024,0.64
LUX,2025,0.64
MDG,2000,0.02
MDG,2001,0.02
MDG,2002,0.02
MDG,2003,0.02
MDG,2004,0.02
MDG,2005,0.02
MDG,2006,0.02
MDG,2007,0.02
MDG,2008,0.02
MDG,2009,0.02
MDG,2010,0.02
MDG,2011,0.02
MDG,2012,0.02
MDG,2013,0.02
MDG,2014,0.02
MDG,2015,0.02
MDG,2016,0.02
MDG,2017,0.02
MDG,2018,0.02
MDG,2019,0.02
MDG,2020,0.02
MDG,2021,0.02
MDG,2022,0.02
MDG,2023,0.02
MDG,2024,0.02
MDG,2025,0.02
MWI,2000,0.6
MWI,2001,0.6
MWI,2002,0.6
MWI,2003,0.6
MWI,2004,0.6
MWI,2005,0.6
MWI,2006,0.6
MWI,2007,0.6
MWI,2008,0.6
MWI,2009,0.6
MWI,2010,0.6
MWI,2011,0.6
MWI,2012,0.6
MWI,2013,0.6
MWI,2014,0.6
MWI,2015,0.6
MWI,2016,0.6
MWI,2017,0.6
MWI,2018,0.6
MWI,2019,0.6
MWI,2020,0.6
MWI,2021,0.6
MWI,2022,0.6
MWI,2023,0.6
MWI,2024,0.6
MWI,2025,0.6
MYS,2000,0.6
MYS,2001,0.6
MYS,2002,0.6
MYS,2003,0.6
MYS,2004,0.6
MYS,2005,0.6
MYS,2006,0.6
MYS,2007,0.6
MYS,2008,0.6
MYS,2009,0.6
MYS,2010,0.6
MYS,2011,0.6
MYS,2012,0.6
MYS,2013,0.6
MYS,2014,0.6
MYS,2015,0.6
MYS,2016,0.6
MYS,2017,0.6
MYS,2018,0.6
MYS,2019,0.6
MYS,2020,0.6
MYS,2021,0.6
MYS,2022,0.6
MYS,2023,0.6
MYS,2024,0.6
MYS,2025,0.6
MLI,2000,0.84
MLI,2001,0.84
MLI,2002,0.84
MLI,2003,0.84
MLI,2004,0.84
MLI,2005,0.84
MLI,2006,0.84
MLI,2007,0.84
MLI,2008,0.84
MLI,2009,0.84
MLI,2010,0.84
MLI,2011,0.84
MLI,2012,0.84
MLI,2013,0.84
MLI,2014,0.84
MLI,2015,0.84
MLI,2016,0.84
MLI,2017,0.84
MLI,2018,0.84
MLI,2019,0.84
MLI,2020,0.84
MLI,2021,0.84
MLI,2022,0.84
MLI,2023,0.84
MLI,2024,0.84
MLI,2025,0.84
MLT,2000,0.09
MLT,2001,0.09
MLT,2002,0.09
MLT,2003,0.09
MLT,2004,0.09
MLT,2005,0.09
MLT,2006,0.09
MLT,2007,0.09
MLT,2008,0.09
MLT,2009,0.09
MLT,2010,0.09
MLT,2011,0.09
MLT,2012,0.09
MLT,2013,0.09
MLT,2014,0.09
MLT,2015,0.09
MLT,2016,0.09
MLT,2017,0.09
MLT,2018,0.09
MLT,2019,0.09
MLT,2020,0.09
MLT,2021,0.09
MLT,2022,0.09
MLT,2023,0.09
MLT,2024,0.09
MLT,2025,0.09
MRT,2000,0.33
MRT,2001,0.33
MRT,2002,0.33
MRT,2003,0.33
MRT,2004,0.33
MRT,2005,0.33
MRT,2006,0.33
MRT,2007,0.33
MRT,2008,0.33
MRT,2009,0.33
MRT,2010,0.33
MRT,2011,0.33
MRT,2012,0.33
MRT,2013,0.33
MRT,2014,0.33
MRT,2015,0.33
MRT,2016,0.33
MRT,2017,0.33
MRT,2018,0.33
MRT,2019,0.33
MRT,2020,0.33
MRT,2021,0.33
MRT,2022,0.33
MRT,2023,0.33
MRT,2024,0.33
MRT,2025,0.33
MUS,2000,0.45
MUS,2001,0.45
MUS,2002,0.45
MUS,2003,0.45
MUS,2004,0.45
MUS,2005,0.45
MUS,2006,0.45
MUS,2007,0.45
MUS,2008,0.45
MUS,2009,0.45
MUS,2010,0.45
MUS,2011,0.45
MUS,2012,0.45
MUS,2013,0.45
MUS,2014,0.45
MUS,2015,0.45
MUS,2016,0.45
MUS,2017,0.45
MUS,2018,0.45
MUS,2019,0.45
MUS,2020,0.45
MUS,2021,0.45
MUS,2022,0.45
MUS,2023,0.45
MUS,2024,0.45
MUS,2025,0.45
MEX,2000,0.15
MEX,2001,0.15
MEX,2002,0.15
MEX,2003,0.15
MEX,2004,0.15
MEX,2005,0.15
MEX,2006,0.15
MEX,2007,0.15
MEX,2008,0.15
MEX,2009,0.15
MEX,2010,0.15
MEX,2011,0.15
MEX,2012,0.15
MEX,2013,0.15
MEX,2014,0.15
MEX,2015,0.15
MEX,2016,0.15
MEX,2017,0.15
MEX,2018,0.15
MEX,2019,0.15
MEX,2020,0.15
MEX,2021,0.15
MEX,2022,0.15
MEX,2023,0.15
MEX,2024,0.15
MEX,2025,0.15
MCO,2000,0.73
MCO,2001,0.73
MCO,2002,0.73
MCO,2003,0.73
MCO,2004,0.73
MCO,2005,0.73
MCO,2006,0.73
MCO,2007,0.73
MCO,2008,0.73
MCO,2009,0.73
MCO,2010,0.73
MCO,2011,0.73
MCO,2012,0.73
MCO,2013,0.73
MCO,2014,0.73
MCO,2015,0.73
MCO,2016,0.73
MCO,2017,0.73
MCO,2018,0.73
MCO,2019,0.73
MCO,2020,0.73
MCO,2021,0.73
MCO,2022,0.73
MCO,2023,0.73
MCO,2024,0.73
MCO,2025,0.73
MNG,2000,0.37
MNG,2001,0.37
MNG,2002,0.37
MNG,2003,0.37
MNG,2004,0.37
MNG,2005,0.37
MNG,2006,0.37
MNG,2007,0.37
MNG,2008,0.37
MNG,2009,0.37
MNG,2010,0.37
MNG,2011,0.37
MNG,2012,0.37
MNG,2013,0.37
MNG,2014,0.37
MNG,2015,0.37
MNG,2016,0.37
MNG,2017,0.37
MNG,2018,0.37
MNG,2019,0.37
MNG,2020,0.37
MNG,2021,0.37
MNG,2022,0.37
MNG,2023,0.37
MNG,2024,0.37
MNG,2025,0.37
MDA,2000,0.55
MDA,2001,0.55
MDA,2002,0.55
MDA,2003,0.55
MDA,2004,0.55
MDA,2005,0.55
MDA,2006,0.55
MDA,2007,0.55
MDA,2008,0.55
MDA,2009,0.55
MDA,2010,0.55
MDA,2011,0.55
MDA,2012,0.55
MDA,2013,0.55
MDA,2014,0.55
MDA,2015,0.55
MDA,2016,0.55
MDA,2017,0.55
MDA,2018,0.55
MDA,2019,0.55
MDA,2020,0.55
MDA,2021,0.55
MDA,2022,0.55
MDA,2023,0.55
MDA,2024,0.55
MDA,2025,0.55
MAR,2000,0.47
MAR,2001,0.47
MAR,2002,0.47
MAR,2003,0.47
MAR,2004,0.47
MAR,2005,0.47
MAR,2006,0.47
MAR,2007,0.47
MAR,2008,0.47
MAR,2009,0.47
MAR,2010,0.47
MAR,2011,0.47
MAR,2012,0.47
MAR,2013,0.47
MAR,2014,0.47
MAR,2015,0.47
MAR,2016,0.47
MAR,2017,0.47
MAR,2018,0.47
MAR,2019,0.47
MAR,2020,0.47
MAR,2021,0.47
MAR,2022,0.47
MAR,2023,0.47
MAR,2024,0.47
MAR,2025,0.47
MOZ,2000,0.81
MOZ,2001,0.81
MOZ,2002,0.81
MOZ,2003,0.81
MOZ,2004,0.81
MOZ,2005,0.81
MOZ,2006,0.81
MOZ,2007,0.81
MOZ,2008,0.81
MOZ,2009,0.81
MOZ,2010,0.81
MOZ,2011,0.81
MOZ,2012,0.81
MOZ,2013,0.81
MOZ,2014,0.81
MOZ,2015,0.81
MOZ,2016,0.81
MOZ,2017,0.81
MOZ,2018,0.81
MOZ,2019,0.81
MOZ,2020,0.81
MOZ,2021,0.81
MOZ,2022,0.81
MOZ,2023,0.81
MOZ,2024,0.81
MOZ,2025,0.81
OMN,2000,0.36
OMN,2001,0.36
OMN,2002,0.36
OMN,2003,0.36
OMN,2004,0.36
OMN,2005,0.36
OMN,2006,0.36
OMN,2007,0.36
OMN,2008,0.36
OMN,2009,0.36
OMN,2010,0.36
OMN,2011,0.36
OMN,2012,0.36
OMN,2013,0.36
OMN,2014,0.36
OMN,2015,0.36
OMN,2016,0.36
OMN,2017,0.36
OMN,2018,0.36
OMN,2019,0.36
OMN,2020,0.36
OMN,2021,0.36
OMN,2022,0.36
OMN,2023,0.36
OMN,2024,0.36
OMN,2025,0.36
NAM,2000,0.7
NAM,2001,0.7
NAM,2002,0.7
NAM,2003,0.7
NAM,2004,0.7
NAM,2005,0.7
NAM,2006,0.7
NAM,2007,0.7
NAM,2008,0.7
NAM,2009,0.7
NAM,2010,0.7
NAM,2011,0.7
NAM,2012,0.7
NAM,2013,0.7
NAM,2014,0.7
NAM,2015,0.7
NAM,2016,0.7
NAM,2017,0.7
NAM,2018,0.7
NAM,2019,0.7
NAM,2020,0.7
NAM,2021,0.7
NAM,2022,0.7
NAM,2023,0.7
NAM,2024,0.7
NAM,2025,0.7
NRU,2000,0.62
NRU,2001,0.62
NRU,2002,0.62
NRU,2003,0.62
NRU,2004,0.62
NRU,2005,0.62
NRU,2006,0.62
NRU,2007,0.62
NRU,2008,0.62
NRU,2009,0.62
NRU,2010,0.62
NRU,2011,0.62
NRU,2012,0.62
NRU,2013,0.62
NRU,2014,0.62
NRU,2015,0.62
NRU,2016,0.62
NRU,2017,0.62
NRU,2018,0.62
NRU,2019,0.62
NRU,2020,0.62
NRU,2021,0.62
NRU,2022,0.62
NRU,2023,0.62
NRU,2024,0.62
NRU,2025,0.62
NPL,2000,0.72
NPL,2001,0.72
NPL,2002,0.72
NPL,2003,0.72
NPL,2004,0.72
NPL,2005,0.72
NPL,2006,0.72
NPL,2007,0.72
NPL,2008,0.72
NPL,2009,0.72
NPL,2010,0.72
NPL,2011,0.72
NPL,2012,0.72
NPL,2013,0.72
NPL,2014,0.72
NPL,2015,0.72
NPL,2016,0.72
NPL,2017,0.72
NPL,2018,0.72
NPL,2019,0.72
NPL,2020,0.72
NPL,2021,0.72
NPL,2022,0.72
NPL,2023,0.72
NPL,2024,0.72
NPL,2025,0.72
NLD,2000,0.51
NLD,2001,0.51
NLD,2002,0.51
NLD,2003,0.51
NLD,2004,0.51
NLD,2005,0.51
NLD,2006,0.51
NLD,2007,0.51
NLD,2008,0.51
NLD,2009,0.51
NLD,2010,0.51
NLD,2011,0.51
NLD,2012,0.51
NLD,2013,0.51
NLD,2014,0.51
NLD,2015,0.51
NLD,2016,0.51
NLD,2017,0.51
NLD,2018,0.51
NLD,2019,0.51
NLD,2020,0.51
NLD,2021,0.51
NLD,2022,0.51
NLD,2023,0.51
NLD,2024,0.51
NLD,2025,0.51
VUT,2000,0.58
VUT,2001,0.58
VUT,2002,0.58
VUT,2003,0.58
VUT,2004,0.58
VUT,2005,0.58
VUT,2006,0.58
VUT,2007,0.58
VUT,2008,0.58
VUT,2009,0.58
VUT,2010,0.58
VUT,2011,0.58
VUT,2012,0.58
VUT,2013,0.58
VUT,2014,0.58
VUT,2015,0.58
VUT,2016,0.58
VUT,2017,0.58
VUT,2018,0.58
VUT,2019,0.58
VUT,2020,0.58
VUT,2021,0.58
VUT,2022,0.58
VUT,2023,0.58
VUT,2024,0.58
VUT,2025,0.58
NZL,2000,0.17
NZL,2001,0.17
NZL,2002,0.17
NZL,2003,0.17
NZL,2004,0.17
NZL,2005,0.17
NZL,2006,0.17
NZL,2007,0.17
NZL,2008,0.17
NZL,2009,0.17
NZL,2010,0.17
NZL,2011,0.17
NZL,2012,0.17
NZL,2013,0.17
NZL,2014,0.17
NZL,2015,0.17
NZL,2016,0.17
NZL,2017,0.17
NZL,2018,0.17
NZL,2019,0.17
NZL,2020,0.17
NZL,2021,0.17
NZL,2022,0.17
NZL,2023,0.17
NZL,2024,0.17
NZL,2025,0.17
NIC,2000,0.05
NIC,2001,0.05
NIC,2002,0.05
NIC,2003,0.05
NIC,2004,0.05
NIC,2005,0.05
NIC,2006,0.05
NIC,2007,0.05
NIC,2008,0.05
NIC,2009,0.05
NIC,2010,0.05
NIC,2011,0.05
NIC,2012,0.05
NIC,2013,0.05
NIC,2014,0.05
NIC,2015,0.05
NIC,2016,0.05
NIC,2017,0.05
NIC,2018,0.05
NIC,2019,0.05
NIC,2020,0.05
NIC,2021,0.05
NIC,2022,0.05
NIC,2023,0.05
NIC,2024,0.05
NIC,2025,0.05
NER,2000,0.65
NER,2001,0.65
NER,2002,0.65
NER,2003,0.65
NER,2004,0.65
NER,2005,0.65
NER,2006,0.65
NER,2007,0.65
NER,2008,0.65
NER,2009,0.65
NER,2010,0.65
NER,2011,0.65
NER,2012,0.65
NER,2013,0.65
NER,2014,0.65
NER,2015,0.65
NER,2016,0.65
NER,2017,0.65
NER,2018,0.65
NER,2019,0.65
NER,2020,0.65
NER,2021,0.65
NER,2022,0.65
NER,2023,0.65
NER,2024,0.65
NER,2025,0.65
NGA,2000,0.85
NGA,2001,0.85
NGA,2002,0.85
NGA,2003,0.85
NGA,2004,0.85
NGA,2005,0.85
NGA,2006,0.85
NGA,2007,0.85
NGA,2008,0.85
NGA,2009,0.85
NGA,2010,0.85
NGA,2011,0.85
NGA,2012,0.85
NGA,2013,0.85
NGA,2014,0.85
NGA,2015,0.85
NGA,2016,0.85
NGA,2017,0.85
NGA,2018,0.85
NGA,2019,0.85
NGA,2020,0.85
NGA,2021,0.85
NGA,2022,0.85
NGA,2023,0.85
NGA,2024,0.85
NGA,2025,0.85
NOR,2000,0.07
NOR,2001,0.07
NOR,2002,0.07
NOR,2003,0.07
NOR,2004,0.07
NOR,2005,0.07
NOR,2006,0.07
NOR,2007,0.07
NOR,2008,0.07
NOR,2009,0.07
NOR,2010,0.07
NOR,2011,0.07
NOR,2012,0.07
NOR,2013,0.07
NOR,2014,0.07
NOR,2015,0.07
NOR,2016,0.07
NOR,2017,0.07
NOR,2018,0.07
NOR,2019,0.07
NOR,2020,0.07
NOR,2021,0.07
NOR,2022,0.07
NOR,2023,0.07
NOR,2024,0.07
NOR,2025,0.07
FSM,2000,0.75
FSM,2001,0.75
FSM,2002,0.75
FSM,2003,0.75
FSM,2004,0.75
FSM,2005,0.75
FSM,2006,0.75
FSM,2007,0.75
FSM,2008,0.75
FSM,2009,0.75
FSM,2010,0.75
FSM,2011,0.75
FSM,2012,0.75
FSM,2013,0.75
FSM,2014,0.75
FSM,2015,0.75
FSM,2016,0.75
FSM,2017,0.75
FSM,2018,0.75
FSM,2019,0.75
FSM,2020,0.75
FSM,2021,0.75
FSM,2022,0.75
FSM,2023,0.75
FSM,2024,0.75
FSM,2025,0.75
MHL,2000,0.06
MHL,2001,0.06
MHL,2002,0.06
MHL,2003,0.06
MHL,2004,0.06
MHL,2005,0.06
MHL,2006,0.06
MHL,2007,0.06
MHL,2008,0.06
MHL,2009,0.06
MHL,2010,0.06
MHL,2011,0.06
MHL,2012,0.06
MHL,2013,0.06
MHL,2014,0.06
MHL,2015,0.06
MHL,2016,0.06
MHL,2017,0.06
MHL,2018,0.06
MHL,2019,0.06
MHL,2020,0.06
MHL,2021,0.06
MHL,2022,0.06
MHL,2023,0.06
MHL,2024,0.06
MHL,2025,0.06
PLW,2000,0.32
PLW,2001,0.32
PLW,2002,0.32
PLW,2003,0.32
PLW,2004,0.32
PLW,2005,0.32
PLW,2006,0.32
PLW,2007,0.32
PLW,2008,0.32
PLW,2009,0.32
PLW,2010,0.32
PLW,2011,0.32
PLW,2012,0.32
PLW,2013,0.32
PLW,2014,0.32
PLW,2015,0.32
PLW,2016,0.32
PLW,2017,0.32
PLW,2018,0.32
PLW,2019,0.32
PLW,2020,0.32
PLW,2021,0.32
PLW,2022,0.32
PLW,2023,0.32
PLW,2024,0.32
PLW,2025,0.32
PAK,2000,0.72
PAK,2001,0.72
PAK,2002,0.72
PAK,2003,0.72
PAK,2004,0.72
PAK,2005,0.72
PAK,2006,0.72
PAK,2007,0.72
PAK,2008,0.72
PAK,2009,0.72
PAK,2010,0.72
PAK,2011,0.72
PAK,2012,0.72
PAK,2013,0.72
PAK,2014,0.72
PAK,2015,0.72
PAK,2016,0.72
PAK,2017,0.72
PAK,2018,0.72
PAK,2019,0.72
PAK,2020,0.72
PAK,2021,0.72
PAK,2022,0.72
PAK,2023,0.72
PAK,2024,0.72
PAK,2025,0.72
PAN,2000,0.39
PAN,2001,0.39
PAN,2002,0.39
PAN,2003,0.39
PAN,2004,0.39
PAN,2005,0.39
PAN,2006,0.39
PAN,2007,0.39
PAN,2008,0.39
PAN,2009,0.39
PAN,2010,0.39
PAN,2011,0.39
PAN,2012,0.39
PAN,2013,0.39
PAN,2014,0.39
PAN,2015,0.39
PAN,2016,0.39
PAN,2017,0.39
PAN,2018,0.39
PAN,2019,0.39
PAN,2020,0.39
PAN,2021,0.39
PAN,2022,0.39
PAN,2023,0.39
PAN,2024,0.39
PAN,2025,0.39
PNG,2000,0.35
PNG,2001,0.35
PNG,2002,0.35
PNG,2003,0.35
PNG,2004,0.35
PNG,2005,0.35
PNG,2006,0.35
PNG,2007,0.35
PNG,2008,0.35
PNG,2009,0.35
PNG,2010,0.35
PNG,2011,0.35
PNG,2012,0.35
PNG,2013,0.35
PNG,2014,0.35
PNG,2015,0.35
PNG,2016,0.35
PNG,2017,0.35
PNG,2018,0.35
PNG,2019,0.35
PNG,2020,0.35
PNG,2021,0.35
PNG,2022,0.35
PNG,2023,0.35
PNG,2024,0.35
PNG,2025,0.35
PRY,2000,0.6
PRY,2001,0.6
PRY,2002,0.6
PRY,2003,0.6
PRY,2004,0.6
PRY,2005,0.6
PRY,2006,0.6
PRY,2007,0.6
PRY,2008,0.6
PRY,2009,0.6
PRY,2010,0.6
PRY,2011,0.6
PRY,2012,0.6
PRY,2013,0.6
PRY,2014,0.6
PRY,2015,0.6
PRY,2016,0.6
PRY,2017,0.6
PRY,2018,0.6
PRY,2019,0.6
PRY,2020,0.6
PRY,2021,0.6
PRY,2022,0.6
PRY,2023,0.6
PRY,2024,0.6
PRY,2025,0.6
PER,2000,0.34
PER,2001,0.34
PER,2002,0.34
PER,2003,0.34
PER,2004,0.34
PER,2005,0.34
PER,2006,0.34
PER,2007,0.34
PER,2008,0.34
PER,2009,0.34
PER,2010,0.34
PER,2011,0.34
PER,2012,0.34
PER,2013,0.34
PER,2014,0.34
PER,2015,0.34
PER,2016,0.34
PER,2017,0.34
PER,2018,0.34
PER,2019,0.34
PER,2020,0.34
PER,2021,0.34
PER,2022,0.34
PER,2023,0.34
PER,2024,0.34
PER,2025,0.34
PHL,2000,0.84
PHL,2001,0.84
PHL,2002,0.84
PHL,2003,0.84
PHL,2004,0.84
PHL,2005,0.84
PHL,2006,0.84
PHL,2007,0.84
PHL,2008,0.84
PHL,2009,0.84
PHL,2010,0.84
PHL,2011,0.84
PHL,2012,0.84
PHL,2013,0.84
PHL,2014,0.84
PHL,2015,0.84
PHL,2016,0.84
PHL,2017,0.84
PHL,2018,0.84
PHL,2019,0.84
PHL,2020,0.84
PHL,2021,0.84
PHL,2022,0.84
PHL,2023,0.84
PHL,2024,0.84
PHL,2025,0.84
POL,2000,0.05
POL,2001,0.05
POL,2002,0.05
POL,2003,0.05
POL,2004,0.05
POL,2005,0.05
POL,2006,0.05
POL,2007,0.05
POL,2008,0.05
POL,2009,0.05
POL,2010,0.05
POL,2011,0.05
POL,2012,0.05
POL,2013,0.05
POL,2014,0.05
POL,2015,0.05
POL,2016,0.05
POL,2017,0.05
POL,2018,0.05
POL,2019,0.05
POL,2020,0.05
POL,2021,0.05
POL,2022,0.05
POL,2023,0.05
POL,2024,0.05
POL,2025,0.05
PRT,2000,0.02
PRT,2001,0.02
PRT,2002,0.02
PRT,2003,0.02
PRT,2004,0.02
PRT,2005,0.02
PRT,2006,0.02
PRT,2007,0.02
PRT,2008,0.02
PRT,2009,0.02
PRT,2010,0.02
PRT,2011,0.02
PRT,2012,0.02
PRT,2013,0.02
PRT,2014,0.02
PRT,2015,0.02
PRT,2016,0.02
PRT,2017,0.02
PRT,2018,0.02
PRT,2019,0.02
PRT,2020,0.02
PRT,2021,0.02
PRT,2022,0.02
PRT,2023,0.02
PRT,2024,0.02
PRT,2025,0.02
GNB,2000,0.81
GNB,2001,0.81
GNB,2002,0.81
GNB,2003,0.81
GNB,2004,0.81
GNB,2005,0.81
GNB,2006,0.81
GNB,2007,0.81
GNB,2008,0.81
GNB,2009,0.81
GNB,2010,0.81
GNB,2011,0.81
GNB,2012,0.81
GNB,2013,0.81
GNB,2014,0.81
GNB,2015,0.81
GNB,2016,0.81
GNB,2017,0.81
GNB,2018,0.81
GNB,2019,0.81
GNB,2020,0.81
GNB,2021,0.81
GNB,2022,0.81
GNB,2023,0.81
GNB,2024,0.81
GNB,2025,0.81
TLS,2002,0.53
TLS,2003,0.53
TLS,2004,0.53
TLS,2005,0.53
TLS,2006,0.53
TLS,2007,0.53
TLS,2008,0.53
TLS,2009,0.53
TLS,2010,0.53
TLS,2011,0.53
TLS,2012,0.53
TLS,2013,0.53
TLS,2014,0.53
TLS,2015,0.53
TLS,2016,0.53
TLS,2017,0.53
TLS,2018,0.53
TLS,2019,0.53
TLS,2020,0.53
TLS,2021,0.53
TLS,2022,0.53
TLS,2023,0.53
TLS,2024,0.53
TLS,2025,0.53
QAT,2000,0.48
QAT,2001,0.48
QAT,2002,0.48
QAT,2003,0.48
QAT,2004,0.48
QAT,2005,0.48
QAT,2006,0.48
QAT,2007,0.48
QAT,2008,0.48
QAT,2009,0.48
QAT,2010,0.48
QAT,2011,0.48
QAT,2012,0.48
QAT,2013,0.48
QAT,2014,0.48
QAT,2015,0.48
QAT,2016,0.48
QAT,2017,0.48
QAT,2018,0.48
QAT,2019,0.48
QAT,2020,0.48
QAT,2021,0.48
QAT,2022,0.48
QAT,2023,0.48
QAT,2024,0.48
QAT,2025,0.48
ROU,2000,0.17
ROU,2001,0.17
ROU,2002,0.17
ROU,2003,0.17
ROU,2004,0.17
ROU,2005,0.17
ROU,2006,0.17
ROU,2007,0.17
ROU,2008,0.17
ROU,2009,0.17
ROU,2010,0.17
ROU,2011,0.17
ROU,2012,0.17
ROU,2013,0.17
ROU,2014,0.17
ROU,2015,0.17
ROU,2016,0.17
ROU,2017,0.17
ROU,2018,0.17
ROU,2019,0.17
ROU,2020,0.17
ROU,2021,0.17
ROU,2022,0.17
ROU,2023,0.17
ROU,2024,0.17
ROU,2025,0.17
RUS,2000,0.25
RUS,2001,0.25
RUS,2002,0.25
RUS,2003,0.25
RUS,2004,0.25
RUS,2005,0.25
RUS,2006,0.25
RUS,2007,0.25
RUS,2008,0.25
RUS,2009,0.25
RUS,2010,0.25
RUS,2011,0.25
RUS,2012,0.25
RUS,2013,0.25
RUS,2014,0.25
RUS,2015,0.25
RUS,2016,0.25
RUS,2017,0.25
RUS,2018,0.25
RUS,2019,0.25
RUS,2020,0.25
RUS,2021,0.25
RUS,2022,0.25
RUS,2023,0.25
RUS,2024,0.25
RUS,2025,0.25
LCA,2000,0.32
LCA,2001,0.32
LCA,2002,0.32
LCA,2003,0.32
LCA,2004,0.32
LCA,2005,0.32
LCA,2006,0.32
LCA,2007,0.32
LCA,2008,0.32
LCA,2009,0.32
LCA,2010,0.32
LCA,2011,0.32
LCA,2012,0.32
LCA,2013,0.32
LCA,2014,0.32
LCA,2015,0.32
LCA,2016,0.32
LCA,2017,0.32
LCA,2018,0.32
LCA,2019,0.32
LCA,2020,0.32
LCA,2021,0.32
LCA,2022,0.32
LCA,2023,0.32
LCA,2024,0.32
LCA,2025,0.32
VCT,2000,0.02
VCT,2001,0.02
VCT,2002,0.02
VCT,2003,0.02
VCT,2004,0.02
VCT,2005,0.02
VCT,2006,0.02
VCT,2007,0.02
VCT,2008,0.02
VCT,2009,0.02
VCT,2010,0.02
VCT,2011,0.02
VCT,2012,0.02
VCT,2013,0.02
VCT,2014,0.02
VCT,2015,0.02
VCT,2016,0.02
VCT,2017,0.02
VCT,2018,0.02
VCT,2019,0.02
VCT,2020,0.02
VCT,2021,0.02
VCT,2022,0.02
VCT,2023,0.02
VCT,2024,0.02
VCT,2025,0.02
STP,2000,0.23
STP,2001,0.23
STP,2002,0.23
STP,2003,0.23
STP,2004,0.23
STP,2005,0.23
STP,2006,0.23
STP,2007,0.23
STP,2008,0.23
STP,2009,0.23
STP,2010,0.23
STP,2011,0.23
STP,2012,0.23
STP,2013,0.23
STP,2014,0.23
STP,2015,0.23
STP,2016,0.23
STP,2017,0.23
STP,2018,0.23
STP,2019,0.23
STP,2020,0.23
STP,2021,0.23
STP,2022,0.23
STP,2023,0.23
STP,2024,0.23
STP,2025,0.23
SAU,2000,0.09
SAU,2001,0.09
SAU,2002,0.09
SAU,2003,0.09
SAU,2004,0.09
SAU,2005,0.09
SAU,2006,0.09
SAU,2007,0.09
SAU,2008,0.09
SAU,2009,0.09
SAU,2010,0.09
SAU,2011,0.09
SAU,2012,0.09
SAU,2013,0.09
SAU,2014,0.09
SAU,2015,0.09
SAU,2016,0.09
SAU,2017,0.09
SAU,2018,0.09
SAU,2019,0.09
SAU,2020,0.09
SAU,2021,0.09
SAU,2022,0.09
SAU,2023,0.09
SAU,2024,0.09
SAU,2025,0.09
SEN,2000,0.7
SEN,2001,0.7
SEN,2002,0.7
SEN,2003,0.7
SEN,2004,0.7
SEN,2005,0.7
SEN,2006,0.7
SEN,2007,0.7
SEN,2008,0.7
SEN,2009,0.7
SEN,2010,0.7
SEN,2011,0.7
SEN,2012,0.7
SEN,2013,0.7
SEN,2014,0.7
SEN,2015,0.7
SEN,2016,0.7
SEN,2017,0.7
SEN,2018,0.7
SEN,2019,0.7
SEN,2020,0.7
SEN,2021,0.7
SEN,2022,0.7
SEN,2023,0.7
SEN,2024,0.7
SEN,2025,0.7
SYC,2000,0.16
SYC,2001,0.16
SYC,2002,0.16
SYC,2003,0.16
SYC,2004,0.16
SYC,2005,0.16
SYC,2006,0.16
SYC,2007,0.16
SYC,2008,0.16
SYC,2009,0.16
SYC,2010,0.16
SYC,2011,0.16
SYC,2012,0.16
SYC,2013,0.16
SYC,2014,0.16
SYC,2015,0.16
SYC,2016,0.16
SYC,2017,0.16
SYC,2018,0.16
SYC,2019,0.16
SYC,2020,0.16
SYC,2021,0.16
SYC,2022,0.16
SYC,2023,0.16
SYC,2024,0.16
SYC,2025,0.16
SLE,2000,0.76
SLE,2001,0.76
SLE,2002,0.76
SLE,2003,0.76
SLE,2004,0.76
SLE,2005,0.76
SLE,2006,0.76
SLE,2007,0.76
SLE,2008,0.76
SLE,2009,0.76
SLE,2010,0.76
SLE,2011,0.76
SLE,2012,0.76
SLE,2013,0.76
SLE,2014,0.76
SLE,2015,0.76
SLE,2016,0.76
SLE,2017,0.76
SLE,2018,0.76
SLE,2019,0.76
SLE,2020,0.76
SLE,2021,0.76
SLE,2022,0.76
SLE,2023,0.76
SLE,2024,0.76
SLE,2025,0.76
SGP,2000,0.38
SGP,2001,0.38
SGP,2002,0.38
SGP,2003,0.38
SGP,2004,0.38
SGP,2005,0.38
SGP,2006,0.38
SGP,2007,0.38
SGP,2008,0.38
SGP,2009,0.38
SGP,2010,0.38
SGP,2011,0.38
SGP,2012,0.38
SGP,2013,0.38
SGP,2014,0.38
SGP,2015,0.38
SGP,2016,0.38
SGP,2017,0.38
SGP,2018,0.38
SGP,2019,0.38
SGP,2020,0.38
SGP,2021,0.38
SGP,2022,0.38
SGP,2023,0.38
SGP,2024,0.38
SGP,2025,0.38
SVK,2000,0.26
SVK,2001,0.26
SVK,2002,0.26
SVK,2003,0.26
SVK,2004,0.26
SVK,2005,0.26
SVK,2006,0.26
SVK,2007,0.26
SVK,2008,0.26
SVK,2009,0.26
SVK,2010,0.26
SVK,2011,0.26
SVK,2012,0.26
SVK,2013,0.26
SVK,2014,0.26
SVK,2015,0.26
SVK,2016,0.26
SVK,2017,0.26
SVK,2018,0.26
SVK,2019,0.26
SVK,2020,0.26
SVK,2021,0.26
SVK,2022,0.26
SVK,2023,0.26
SVK,2024,0.26
SVK,2025,0.26
VNM,2000,0.24
VNM,2001,0.24
VNM,2002,0.24
VNM,2003,0.24
VNM,2004,0.24
VNM,2005,0.24
VNM,2006,0.24
VNM,2007,0.24
VNM,2008,0.24
VNM,2009,0.24
VNM,2010,0.24
VNM,2011,0.24
VNM,2012,0.24
VNM,2013,0.24
VNM,2014,0.24
VNM,2015,0.24
VNM,2016,0.24
VNM,2017,0.24
VNM,2018,0.24
VNM,2019,0.24
VNM,2020,0.24
VNM,2021,0.24
VNM,2022,0.24
VNM,2023,0.24
VNM,2024,0.24
VNM,2025,0.24
SVN,2000,0.22
SVN,2001,0.22
SVN,2002,0.22
SVN,2003,0.22
SVN,2004,0.22
SVN,2005,0.22
SVN,2006,0.22
SVN,2007,0.22
SVN,2008,0.22
SVN,2009,0.22
SVN,2010,0.22
SVN,2011,0.22
SVN,2012,0.22
SVN,2013,0.22
SVN,2014,0.22
SVN,2015,0.22
SVN,2016,0.22
SVN,2017,0.22
SVN,2018,0.22
SVN,2019,0.22
SVN,2020,0.22
SVN,2021,0.22
SVN,2022,0.22
SVN,2023,0.22
SVN,2024,0.22
SVN,2025,0.22
SOM,2000,0.03
SOM,2001,0.03
SOM,2002,0.03
SOM,2003,0.03
SOM,2004,0.03
SOM,2005,0.03
SOM,2006,0.03
SOM,2007,0.03
SOM,2008,0.03
SOM,2009,0.03
SOM,2010,0.03
SOM,2011,0.03
SOM,2012,0.03
SOM,2013,0.03
SOM,2014,0.03
SOM,2015,0.03
SOM,2016,0.03
SOM,2017,0.03
SOM,2018,0.03
SOM,2019,0.03
SOM,2020,0.03
SOM,2021,0.03
SOM,2022,0.03
SOM,2023,0.03
SOM,2024,0.03
SOM,2025,0.03
ZAF,2000,0.87
ZAF,2001,0.87
ZAF,2002,0.87
ZAF,2003,0.87
ZAF,2004,0.87
ZAF,2005,0.87
ZAF,2006,0.87
ZAF,2007,0.87
ZAF,2008,0.87
ZAF,2009,0.87
ZAF,2010,0.87
ZAF,2011,0.87
ZAF,2012,0.87
ZAF,2013,0.87
ZAF,2014,0.87
ZAF,2015,0.87
ZAF,2016,0.87
ZAF,2017,0.87
ZAF,2018,0.87
ZAF,2019,0.87
ZAF,2020,0.87
ZAF,2021,0.87
ZAF,2022,0.87
ZAF,2023,0.87
ZAF,2024,0.87
ZAF,2025,0.87
ZWE,2000,0.45
ZWE,2001,0.45
ZWE,2002,0.45
ZWE,2003,0.45
ZWE,2004,0.45
ZWE,2005,0.45
ZWE,2006,0.45
ZWE,2007,0.45
ZWE,2008,0.45
ZWE,2009,0.45
ZWE,2010,0.45
ZWE,2011,0.45
ZWE,2012,0.45
ZWE,2013,0.45
ZWE,2014,0.45
ZWE,2015,0.45
ZWE,2016,0.45
ZWE,2017,0.45
ZWE,2018,0.45
ZWE,2019,0.45
ZWE,2020,0.45
ZWE,2021,0.45
ZWE,2022,0.45
ZWE,2023,0.45
ZWE,2024,0.45
ZWE,2025,0.45
ESP,2000,0.41
ESP,2001,0.41
ESP,2002,0.41
ESP,2003,0.41
ESP,2004,0.41
ESP,2005,0.41
ESP,2006,0.41
ESP,2007,0.41
ESP,2008,0.41
ESP,2009,0.41
ESP,2010,0.41
ESP,2011,0.41
ESP,2012,0.41
ESP,2013,0.41
ESP,2014,0.41
ESP,2015,0.41
ESP,2016,0.41
ESP,2017,0.41
ESP,2018,0.41
ESP,2019,0.41
ESP,2020,0.41
ESP,2021,0.41
ESP,2022,0.41
ESP,2023,0.41
ESP,2024,0.41
ESP,2025,0.41
SDN,2000,0.72
SDN,2001,0.72
SDN,2002,0.72
SDN,2003,0.72
SDN,2004,0.72
SDN,2005,0.72
SDN,2006,0.72
SDN,2007,0.72
SDN,2008,0.72
SDN,2009,0.72
SDN,2010,0.72
SDN,2011,0.72
SUR,2000,0.33
SUR,2001,0.33
SUR,2002,0.33
SUR,2003,0.33
SUR,2004,0.33
SUR,2005,0.33
SUR,2006,0.33
SUR,2007,0.33
SUR,2008,0.33
SUR,2009,0.33
SUR,2010,0.33
SUR,2011,0.33
SUR,2012,0.33
SUR,2013,0.33
SUR,2014,0.33
SUR,2015,0.33
SUR,2016,0.33
SUR,2017,0.33
SUR,2018,0.33
SUR,2019,0.33
SUR,2020,0.33
SUR,2021,0.33
SUR,2022,0.33
SUR,2023,0.33
SUR,2024,0.33
SUR,2025,0.33
SWZ,2000,0.17
SWZ,2001,0.17
SWZ,2002,0.17
SWZ,2003,0.17
SWZ,2004,0.17
SWZ,2005,0.17
SWZ,2006,0.17
SWZ,2007,0.17
SWZ,2008,0.17
SWZ,2009,0.17
SWZ,2010,0.17
SWZ,2011,0.17
SWZ,2012,0.17
SWZ,2013,0.17
SWZ,2014,0.17
SWZ,2015,0.17
SWZ,2016,0.17
SWZ,2017,0.17
SWZ,2018,0.17
SWZ,2019,0.17
SWZ,2020,0.17
SWZ,2021,0.17
SWZ,2022,0.17
SWZ,2023,0.17
SWZ,2024,0.17
SWZ,2025,0.17
SWE,2000,0.2
SWE,2001,0.2
SWE,2002,0.2
SWE,2003,0.2
SWE,2004,0.2
SWE,2005,0.2
SWE,2006,0.2
SWE,2007,0.2
SWE,2008,0.2
SWE,2009,0.2
SWE,2010,0.2
SWE,2011,0.2
SWE,2012,0.2
SWE,2013,0.2
SWE,2014,0.2
SWE,2015,0.2
SWE,2016,0.2
SWE,2017,0.2
SWE,2018,0.2
SWE,2019,0.2
SWE,2020,0.2
SWE,2021,0.2
SWE,2022,0.2
SWE,2023,0.2
SWE,2024,0.2
SWE,2025,0.2
CHE,2000,0.54
CHE,2001,0.54
CHE,2002,0.54
CHE,2003,0.54
CHE,2004,0.54
CHE,2005,0.54
CHE,2006,0.54
CHE,2007,0.54
CHE,2008,0.54
CHE,2009,0.54
CHE,2010,0.54
CHE,2011,0.54
CHE,2012,0.54
CHE,2013,0.54
CHE,2014,0.54
CHE,2015,0.54
CHE,2016,0.54
CHE,2017,0.54
CHE,2018,0.54
CHE,2019,0.54
CHE,2020,0.54
CHE,2021,0.54
CHE,2022,0.54
CHE,2023,0.54
CHE,2024,0.54
CHE,2025,0.54
SYR,2000,0.18
SYR,2001,0.18
SYR,2002,0.18
SYR,2003,0.18
SYR,2004,0.18
SYR,2005,0.18
SYR,2006,0.18
SYR,2007,0.18
SYR,2008,0.18
SYR,2009,0.18
SYR,2010,0.18
SYR,2011,0.18
SYR,2012,0.18
SYR,2013,0.18
SYR,2014,0.18
SYR,2015,0.18
SYR,2016,0.18
SYR,2017,0.18
SYR,2018,0.18
SYR,2019,0.18
SYR,2020,0.18
SYR,2021,0.18
SYR,2022,0.18
SYR,2023,0.18
SYR,2024,0.18
SYR,2025,0.18
TJK,2000,0.55
TJK,2001,0.55
TJK,2002,0.55
TJK,2003,0.55
TJK,2004,0.55
TJK,2005,0.55
TJK,2006,0.55
TJK,2007,0.55
TJK,2008,0.55
TJK,2009,0.55
TJK,2010,0.55
TJK,2011,0.55
TJK,2012,0.55
TJK,2013,0.55
TJK,2014,0.55
TJK,2015,0.55
TJK,2016,0.55
TJK,2017,0.55
TJK,2018,0.55
TJK,2019,0.55
TJK,2020,0.55
TJK,2021,0.55
TJK,2022,0.55
TJK,2023,0.55
TJK,2024,0.55
TJK,2025,0.55
THA,2000,0.63
THA,2001,0.63
THA,2002,0.63
THA,2003,0.63
THA,2004,0.63
THA,2005,0.63
THA,2006,0.63
THA,2007,0.63
THA,2008,0.63
THA,2009,0.63
THA,2010,0.63
THA,2011,0.63
THA,2012,0.63
THA,2013,0.63
THA,2014,0.63
THA,2015,0.63
THA,2016,0.63
THA,2017,0.63
THA,2018,0.63
THA,2019,0.63
THA,2020,0.63
THA,2021,0.63
THA,2022,0.63
THA,2023,0.63
THA,2024,0.63
THA,2025,0.63
TGO,2000,0.9
TGO,2001,0.9
TGO,2002,0.9
TGO,2003,0.9
TGO,2004,0.9
TGO,2005,0.9
TGO,2006,0.9
TGO,2007,0.9
TGO,2008,0.9
TGO,2009,0.9
TGO,2010,0.9
TGO,2011,0.9
TGO,2012,0.9
TGO,2013,0.9
TGO,2014,0.9
TGO,2015,0.9
TGO,2016,0.9
TGO,2017,0.9
TGO,2018,0.9
TGO,2019,0.9
TGO,2020,0.9
TGO,2021,0.9
TGO,2022,0.9
TGO,2023,0.9
TGO,2024,0.9
TGO,2025,0.9
TON,2000,0.38
TON,2001,0.38
TON,2002,0.38
TON,2003,0.38
TON,2004,0.38
TON,2005,0.38
TON,2006,0.38
TON,2007,0.38
TON,2008,0.38
TON,2009,0.38
TON,2010,0.38
TON,2011,0.38
TON,2012,0.38
TON,2013,0.38
TON,2014,0.38
TON,2015,0.38
TON,2016,0.38
TON,2017,0.38
TON,2018,0.38
TON,2019,0.38
TON,2020,0.38
TON,2021,0.38
TON,2022,0.38
TON,2023,0.38
TON,2024,0.38
TON,2025,0.38
TTO,2000,0.13
TTO,2001,0.13
TTO,2002,0.13
TTO,2003,0.13
TTO,2004,0.13
TTO,2005,0.13
TTO,2006,0.13
TTO,2007,0.13
TTO,2008,0.13
TTO,2009,0.13
TTO,2010,0.13
TTO,2011,0.13
TTO,2012,0.13
TTO,2013,0.13
TTO,2014,0.13
TTO,2015,0.13
TTO,2016,0.13
TTO,2017,0.13
TTO,2018,0.13
TTO,2019,0.13
TTO,2020,0.13
TTO,2021,0.13
TTO,2022,0.13
TTO,2023,0.13
TTO,2024,0.13
TTO,2025,0.13
ARE,2000,0.49
ARE,2001,0.49
ARE,2002,0.49
ARE,2003,0.49
ARE,2004,0.49
ARE,2005,0.49
ARE,2006,0.49
ARE,2007,0.49
ARE,2008,0.49
ARE,2009,0.49
ARE,2010,0.49
ARE,2011,0.49
ARE,2012,0.49
ARE,2013,0.49
ARE,2014,0.49
ARE,2015,0.49
ARE,2016,0.49
ARE,2017,0.49
ARE,2018,0.49
ARE,2019,0.49
ARE,2020,0.49
ARE,2021,0.49
ARE,2022,0.49
ARE,2023,0.49
ARE,2024,0.49
ARE,2025,0.49
TUN,2000,0.01
TUN,2001,0.01
TUN,2002,0.01
TUN,2003,0.01
TUN,2004,0.01
TUN,2005,0.01
TUN,2006,0.01
TUN,2007,0.01
TUN,2008,0.01
TUN,2009,0.01
TUN,2010,0.01
TUN,2011,0.01
TUN,2012,0.01
TUN,2013,0.01
TUN,2014,0.01
TUN,2015,0.01
TUN,2016,0.01
TUN,2017,0.01
TUN,2018,0.01
TUN,2019,0.01
TUN,2020,0.01
TUN,2021,0.01
TUN,2022,0.01
TUN,2023,0.01
TUN,2024,0.01
TUN,2025,0.01
TUR,2000,0.22
TUR,2001,0.22
TUR,2002,0.22
TUR,2003,0.22
TUR,2004,0.22
TUR,2005,0.22
TUR,2006,0.22
TUR,2007,0.22
TUR,2008,0.22
TUR,2009,0.22
TUR,2010,0.22
TUR,2011,0.22
TUR,2012,0.22
TUR,2013,0.22
TUR,2014,0.22
TUR,2015,0.22
TUR,2016,0.22
TUR,2017,0.22
TUR,2018,0.22
TUR,2019,0.22
TUR,2020,0.22
TUR,2021,0.22
TUR,2022,0.22
TUR,2023,0.22
TUR,2024,0.22
TUR,2025,0.22
TKM,2000,0.4
TKM,2001,0.4
TKM,2002,0.4
TKM,2003,0.4
TKM,2004,0.4
TKM,2005,0.4
TKM,2006,0.4
TKM,2007,0.4
TKM,2008,0.4
TKM,2009,0.4
TKM,2010,0.4
TKM,2011,0.4
TKM,2012,0.4
TKM,2013,0.4
TKM,2014,0.4
TKM,2015,0.4
TKM,2016,0.4
TKM,2017,0.4
TKM,2018,0.4
TKM,2019,0.4
TKM,2020,0.4
TKM,2021,0.4
TKM,2022,0.4
TKM,2023,0.4
TKM,2024,0.4
TKM,2025,0.4
TUV,2000,0.14
TUV,2001,0.14
TUV,2002,0.14
TUV,2003,0.14
TUV,2004,0.14
TUV,2005,0.14
TUV,2006,0.14
TUV,2007,0.14
TUV,2008,0.14
TUV,2009,0.14
TUV,2010,0.14
TUV,2011,0.14
TUV,2012,0.14
TUV,2013,0.14
TUV,2014,0.14
TUV,2015,0.14
TUV,2016,0.14
TUV,2017,0.14
TUV,2018,0.14
TUV,2019,0.14
TUV,2020,0.14
TUV,2021,0.14
TUV,2022,0.14
TUV,2023,0.14
TUV,2024,0.14
TUV,2025,0.14
UGA,2000,0.92
UGA,2001,0.92
UGA,2002,0.92
UGA,2003,0.92
UGA,2004,0.92
UGA,2005,0.92
UGA,2006,0.92
UGA,2007,0.92
UGA,2008,0.92
UGA,2009,0.92
UGA,2010,0.92
UGA,2011,0.92
UGA,2012,0.92
UGA,2013,0.92
UGA,2014,0.92
UGA,2015,0.92
UGA,2016,0.92
UGA,2017,0.92
UGA,2018,0.92
UGA,2019,0.92
UGA,2020,0.92
UGA,2021,0.92
UGA,2022,0.92
UGA,2023,0.92
UGA,2024,0.92
UGA,2025,0.92
UKR,2000,0.47
UKR,2001,0.47
UKR,2002,0.47
UKR,2003,0.47
UKR,2004,0.47
UKR,2005,0.47
UKR,2006,0.47
UKR,2007,0.47
UKR,2008,0.47
UKR,2009,0.47
UKR,2010,0.47
UKR,2011,0.47
UKR,2012,0.47
UKR,2013,0.47
UKR,2014,0.47
UKR,2015,0.47
UKR,2016,0.47
UKR,2017,0.47
UKR,2018,0.47
UKR,2019,0.47
UKR,2020,0.47
UKR,2021,0.47
UKR,2022,0.47
UKR,2023,0.47
UKR,2024,0.47
UKR,2025,0.47
MKD,2000,0.5
MKD,2001,0.5
MKD,2002,0.5
MKD,2003,0.5
MKD,2004,0.5
MKD,2005,0.5
MKD,2006,0.5
MKD,2007,0.5
MKD,2008,0.5
MKD,2009,0.5
MKD,2010,0.5
MKD,2011,0.5
MKD,2012,0.5
MKD,2013,0.5
MKD,2014,0.5
MKD,2015,0.5
MKD,2016,0.5
MKD,2017,0.5
MKD,2018,0.5
MKD,2019,0.5
MKD,2020,0.5
MKD,2021,0.5
MKD,2022,0.5
MKD,2023,0.5
MKD,2024,0.5
MKD,2025,0.5
EGY,2000,0.02
EGY,2001,0.02
EGY,2002,0.02
EGY,2003,0.02
EGY,2004,0.02
EGY,2005,0.02
EGY,2006,0.02
EGY,2007,0.02
EGY,2008,0.02
EGY,2009,0.02
EGY,2010,0.02
EGY,2011,0.02
EGY,2012,0.02
EGY,2013,0.02
EGY,2014,0.02
EGY,2015,0.02
EGY,2016,0.02
EGY,2017,0.02
EGY,2018,0.02
EGY,2019,0.02
EGY,2020,0.02
EGY,2021,0.02
EGY,2022,0.02
EGY,2023,0.02
EGY,2024,0.02
EGY,2025,0.02
GBR,2000,0.05
GBR,2001,0.05
GBR,2002,0.05
GBR,2003,0.05
GBR,2004,0.05
GBR,2005,0.05
GBR,2006,0.05
GBR,2007,0.05
GBR,2008,0.05
GBR,2009,0.05
GBR,2010,0.05
GBR,2011,0.05
GBR,2012,0.05
GBR,2013,0.05
GBR,2014,0.05
GBR,2015,0.05
GBR,2016,0.05
GBR,2017,0.05
GBR,2018,0.05
GBR,2019,0.05
GBR,2020,0.05
GBR,2021,0.05
GBR,2022,0.05
GBR,2023,0.05
GBR,2024,0.05
GBR,2025,0.05
TZA,2000,0.9
TZA,2001,0.9
TZA,2002,0.9
TZA,2003,0.9
TZA,2004,0.9
TZA,2005,0.9
TZA,2006,0.9
TZA,2007,0.9
TZA,2008,0.9
TZA,2009,0.9
TZA,2010,0.9
TZA,2011,0.9
TZA,2012,0.9
TZA,2013,0.9
TZA,2014,0.9
TZA,2015,0.9
TZA,2016,0.9
TZA,2017,0.9
TZA,2018,0.9
TZA,2019,0.9
TZA,2020,0.9
TZA,2021,0.9
TZA,2022,0.9
TZA,2023,0.9
TZA,2024,0.9
TZA,2025,0.9
USA,2000,0.25
USA,2001,0.25
USA,2002,0.25
USA,2003,0.25
USA,2004,0.25
USA,2005,0.25
USA,2006,0.25
USA,2007,0.25
USA,2008,0.25
USA,2009,0.25
USA,2010,0.25
USA,2011,0.25
USA,2012,0.25
USA,2013,0.25
USA,2014,0.25
USA,2015,0.25
USA,2016,0.25
USA,2017,0.25
USA,2018,0.25
USA,2019,0.25
USA,2020,0.25
USA,2021,0.25
USA,2022,0.25
USA,2023,0.25
USA,2024,0.25
USA,2025,0.25
BFA,2000,0.72
BFA,2001,0.72
BFA,2002,0.72
BFA,2003,0.72
BFA,2004,0.72
BFA,2005,0.72
BFA,2006,0.72
BFA,2007,0.72
BFA,2008,0.72
BFA,2009,0.72
BFA,2010,0.72
BFA,2011,0.72
BFA,2012,0.72
BFA,2013,0.72
BFA,2014,0.72
BFA,2015,0.72
BFA,2016,0.72
BFA,2017,0.72
BFA,2018,0.72
BFA,2019,0.72
BFA,2020,0.72
BFA,2021,0.72
BFA,2022,0.72
BFA,2023,0.72
BFA,2024,0.72
BFA,2025,0.72
URY,2000,0.08
URY,2001,0.08
URY,2002,0.08
URY,2003,0.08
URY,2004,0.08
URY,2005,0.08
URY,2006,0.08
URY,2007,0.08
URY,2008,0.08
URY,2009,0.08
URY,2010,0.08
URY,2011,0.08
URY,2012,0.08
URY,2013,0.08
URY,2014,0.08
URY,2015,0.08
URY,2016,0.08
URY,2017,0.08
URY,2018,0.08
URY,2019,0.08
URY,2020,0.08
URY,2021,0.08
URY,2022,0.08
URY,2023,0.08
URY,2024,0.08
URY,2025,0.08
UZB,2000,0.41
UZB,2001,0.41
UZB,2002,0.41
UZB,2003,0.41
UZB,2004,0.41
UZB,2005,0.41
UZB,2006,0.41
UZB,2007,0.41
UZB,2008,0.41
UZB,2009,0.41
UZB,2010,0.41
UZB,2011,0.41
UZB,2012,0.41
UZB,2013,0.41
UZB,2014,0.41
UZB,2015,0.41
UZB,2016,0.41
UZB,2017,0.41
UZB,2018,0.41
UZB,2019,0.41
UZB,2020,0.41
UZB,2021,0.41
UZB,2022,0.41
UZB,2023,0.41
UZB,2024,0.41
UZB,2025,0.41
VEN,2000,0.07
VEN,2001,0.07
VEN,2002,0.07
VEN,2003,0.07
VEN,2004,0.07
VEN,2005,0.07
VEN,2006,0.07
VEN,2007,0.07
VEN,2008,0.07
VEN,2009,0.07
VEN,2010,0.07
VEN,2011,0.07
VEN,2012,0.07
VEN,2013,0.07
VEN,2014,0.07
VEN,2015,0.07
VEN,2016,0.07
VEN,2017,0.07
VEN,2018,0.07
VEN,2019,0.07
VEN,2020,0.07
VEN,2021,0.07
VEN,2022,0.07
VEN,2023,0.07
VEN,2024,0.07
VEN,2025,0.07
WSM,2000,0.01
WSM,2001,0.01
WSM,2002,0.01
WSM,2003,0.01
WSM,2004,0.01
WSM,2005,0.01
WSM,2006,0.01
WSM,2007,0.01
WSM,2008,0.01
WSM,2009,0.01
WSM,2010,0.01
WSM,2011,0.01
WSM,2012,0.01
WSM,2013,0.01
WSM,2014,0.01
WSM,2015,0.01
WSM,2016,0.01
WSM,2017,0.01
WSM,2018,0.01
WSM,2019,0.01
WSM,2020,0.01
WSM,2021,0.01
WSM,2022,0.01
WSM,2023,0.01
WSM,2024,0.01
WSM,2025,0.01
YEM,2000,0.01
YEM,2001,0.01
YEM,2002,0.01
YEM,2003,0.01
YEM,2004,0.01
YEM,2005,0.01
YEM,2006,0.01
YEM,2007,0.01
YEM,2008,0.01
YEM,2009,0.01
YEM,2010,0.01
YEM,2011,0.01
YEM,2012,0.01
YEM,2013,0.01
YEM,2014,0.01
YEM,2015,0.01
YEM,2016,0.01
YEM,2017,0.01
YEM,2018,0.01
YEM,2019,0.01
YEM,2020,0.01
YEM,2021,0.01
YEM,2022,0.01
YEM,2023,0.01
YEM,2024,0.01
YEM,2025,0.01
ZMB,2000,0.87
ZMB,2001,0.87
ZMB,2002,0.87
ZMB,2003,0.87
ZMB,2004,0.87
ZMB,2005,0.87
ZMB,2006,0.87
ZMB,2007,0.87
ZMB,2008,0.87
ZMB,2009,0.87
ZMB,2010,0.87
ZMB,2011,0.87
ZMB,2012,0.87
ZMB,2013,0.87
ZMB,2014,0.87
ZMB,2015,0.87
ZMB,2016,0.87
ZMB,2017,0.87
ZMB,2018,0.87
ZMB,2019,0.87
ZMB,2020,0.87
ZMB,2021,0.87
ZMB,2022,0.87
ZMB,2023,0.87
ZMB,2024,0.87
ZMB,2025,0.87
