iso3,year,pcr_modelled_pct,pcr_pct,pcr_wpia
AFG,2010,38.65999984741211,,
AFG,2011,41.2599983215332,40.72568893432617,0.3045699894428253
AFG,2012,43.5099983215332,,
AFG,2013,45.34000015258789,,
AFG,2014,46.70000076293945,,
AFG,2015,47.63999938964844,54.48463821411133,0.574940025806427
AFG,2016,48.34000015258789,,
AFG,2017,48.84000015258789,,
AFG,2018,49.36000061035156,,
AFG,2019,49.88000106811523,,
AFG,2020,50.56000137329102,,
AFG,2021,51.45999908447266,,
AFG,2022,52.33000183105469,44.24225997924805,0.2497999966144562
AFG,2023,53.34999847412109,,
AFG,2024,54.38999938964844,,
AFG,2025,55.43999862670898,,
AGO,2010,49.97000122070313,,
AGO,2011,51.20000076293945,,
AGO,2012,52.36000061035156,,
AGO,2013,53.31999969482422,,
AGO,2014,54.16999816894531,,
AGO,2015,55.0,59.95566177368164,0.2112500071525574
AGO,2016,55.84999847412109,,
AGO,2017,56.70000076293945,,
AGO,2018,57.59000015258789,,
AGO,2019,58.52999877929688,,
AGO,2020,59.56999969482422,,
AGO,2021,60.72000122070313,,
AGO,2022,61.91999816894531,,
AGO,2023,63.02999877929688,55.25038146972656,0.1371099948883057
AGO,2024,64.0999984741211,,
AGO,2025,65.19000244140625,,
ALB,2010,97.95999908447266,,
ALB,2011,97.95999908447266,,
ALB,2012,97.9000015258789,,
ALB,2013,97.83000183105469,,
ALB,2014,97.70999908447266,,
ALB,2015,97.56999969482422,,
ALB,2016,97.43000030517578,,
ALB,2017,97.33999633789062,95.4015884399414,0.9565200209617615
ALB,2018,97.29000091552734,,
ALB,2019,97.2699966430664,,
ALB,2020,97.25,,
ALB,2021,97.2699966430664,,
ALB,2022,97.33000183105469,,
ALB,2023,97.37000274658203,,
ALB,2024,97.4000015258789,,
ALB,2025,97.43000030517578,,
ARG,2010,95.37999725341797,92.67375183105469,
ARG,2011,95.52999877929688,,
ARG,2012,95.66000366210938,,
ARG,2013,95.7699966430664,,
ARG,2014,95.87999725341797,,
ARG,2015,96.0,,
ARG,2016,96.08000183105469,,
ARG,2017,96.12999725341797,,
ARG,2018,96.19000244140625,,
ARG,2019,96.26000213623047,,
ARG,2020,96.33999633789062,,
ARG,2021,96.4000015258789,,
ARG,2022,96.4800033569336,,
ARG,2023,96.54000091552734,,
ARG,2024,96.5999984741211,,
ARG,2025,96.66999816894531,,
ARM,2010,99.37000274658203,,
ARM,2011,99.37999725341797,99.87503814697266,0.9948300123214722
ARM,2012,99.37999725341797,,
ARM,2013,99.38999938964844,,
ARM,2014,99.38999938964844,,
ARM,2015,99.38999938964844,,
ARM,2016,99.38999938964844,99.26644134521484,0.9866200089454651
ARM,2017,99.4000015258789,,
ARM,2018,99.4000015258789,99.63,0.986299991607666
ARM,2019,99.41000366210938,,
ARM,2020,99.41999816894531,99.6785888671875,
ARM,2021,99.43000030517578,,
ARM,2022,99.44000244140625,99.5948715209961,
ARM,2023,99.44999694824219,99.97808837890625,
ARM,2024,99.45999908447266,,
ARM,2025,99.45999908447266,,
AUS,2010,99.26000213623047,99.58,0.9861529469490051
AUS,2011,99.27999877929688,,
AUS,2012,99.30000305175781,,
AUS,2013,99.30999755859375,,
AUS,2014,99.33000183105469,99.02,0.9843389391899109
AUS,2015,99.33999633789062,,
AUS,2016,99.36000061035156,98.98,
AUS,2017,99.37999725341797,,
AUS,2018,99.4000015258789,99.57000000000001,0.9916232228279114
AUS,2019,99.41000366210938,,
AUS,2020,99.43000030517578,,
AUS,2021,99.44999694824219,,
AUS,2022,99.47000122070312,,
AUS,2023,99.4800033569336,,
AUS,2024,99.5,,
AUS,2025,99.51000213623047,,
AUT,2010,99.94000244140625,99.045,
AUT,2011,99.94000244140625,99.11,
AUT,2012,99.93000030517578,99.335,
AUT,2013,99.93000030517578,99.08500000000001,
AUT,2014,99.93000030517578,99.155,
AUT,2015,99.93000030517578,99.13,
AUT,2016,99.93000030517578,99.15,
AUT,2017,99.94000244140625,98.96000000000001,
AUT,2018,99.94000244140625,98.72,
AUT,2019,99.94000244140625,98.575,
AUT,2020,99.94000244140625,98.605,
AUT,2021,99.94999694824219,98.99,
AUT,2022,99.94999694824219,,
AUT,2023,99.95999908447266,,
AUT,2024,99.95999908447266,,
AUT,2025,99.97000122070312,,
AZE,2010,97.83000183105469,,
AZE,2011,97.87999725341797,,
AZE,2012,97.91999816894531,,
AZE,2013,97.97000122070312,,
AZE,2014,98.01000213623047,,
AZE,2015,98.06999969482422,,
AZE,2016,98.12000274658203,,
AZE,2017,98.18000030517578,,
AZE,2018,98.22000122070312,,
AZE,2019,98.25,,
AZE,2020,98.29000091552734,,
AZE,2021,98.31999969482422,,
AZE,2022,98.33000183105469,,
AZE,2023,98.36000061035156,98.74227905273438,0.9826599955558777
AZE,2024,98.38999938964844,,
AZE,2025,98.41999816894531,,
BDI,2010,30.61000061035156,39.82950973510742,0.3858000040054321
BDI,2011,33.59000015258789,,
BDI,2012,36.56000137329102,,
BDI,2013,39.16999816894531,,
BDI,2014,41.5,,
BDI,2015,43.45000076293945,,
BDI,2016,45.20000076293945,,
BDI,2017,46.90999984741211,50.14041900634766,0.4103299975395203
BDI,2018,48.4900016784668,,
BDI,2019,50.18999862670898,,
BDI,2020,51.84999847412109,,
BDI,2021,53.59999847412109,,
BDI,2022,55.2400016784668,,
BDI,2023,56.93000030517578,,
BDI,2024,58.72999954223633,,
BDI,2025,60.45000076293945,,
BEL,2010,98.19000244140625,,
BEL,2011,98.25,,
BEL,2012,98.30999755859375,,
BEL,2013,98.37999725341797,,
BEL,2014,98.44999694824219,,
BEL,2015,98.51000213623047,,
BEL,2016,98.55999755859375,,
BEL,2017,98.61000061035156,,
BEL,2018,98.6500015258789,,
BEL,2019,98.69999694824219,,
BEL,2020,98.75,,
BEL,2021,98.79000091552734,97.7,
BEL,2022,98.81999969482422,,
BEL,2023,98.8499984741211,,
BEL,2024,98.9000015258789,,
BEL,2025,98.94000244140625,,
BEN,2010,51.25,,
BEN,2011,53.18000030517578,59.41194152832031,0.4105100035667419
BEN,2012,54.70000076293945,,
BEN,2013,55.84000015258789,56.99999999999999,
BEN,2014,56.77000045776367,54.11722946166992,0.3483799993991852
BEN,2015,57.4900016784668,,
BEN,2016,58.13000106811523,,
BEN,2017,58.84000015258789,51.82675933837891,0.2799200117588043
BEN,2018,59.72999954223633,,
BEN,2019,60.95999908447266,53.44025039672852,
BEN,2020,62.45999908447266,,
BEN,2021,64.13999938964844,51.97393035888672,0.2835099995136261
BEN,2022,65.77999877929688,50.40587997436523,
BEN,2023,67.30000305175781,,
BEN,2024,68.7699966430664,,
BEN,2025,70.0999984741211,,
BFA,2010,32.90000152587891,30.90797996520996,0.1715700030326843
BFA,2011,35.45000076293945,,
BFA,2012,38.34999847412109,,
BFA,2013,41.52999877929688,,
BFA,2014,44.83000183105469,,
BFA,2015,48.29999923706055,,
BFA,2016,51.68000030517578,,
BFA,2017,54.90999984741211,,
BFA,2018,57.84000015258789,,
BFA,2019,60.5,,0.6499490737915039
BFA,2020,62.75,,
BFA,2021,64.8499984741211,60.2606315612793,0.4749400019645691
BFA,2022,66.80000305175781,,
BFA,2023,68.79000091552734,,
BFA,2024,70.56999969482422,,
BFA,2025,72.16000366210938,,
BGD,2010,71.9000015258789,,
BGD,2011,73.29000091552734,74.78202819824219,0.5399600267410278
BGD,2012,74.62999725341797,,
BGD,2013,75.87000274658203,72.23,0.5790615081787109
BGD,2014,77.16999816894531,80.01213073730469,0.6986500024795532
BGD,2015,78.6500015258789,,
BGD,2016,80.26000213623047,,
BGD,2017,81.83000183105469,,
BGD,2018,83.33000183105469,,
BGD,2019,84.66999816894531,82.60852813720703,0.769569993019104
BGD,2020,85.88999938964844,,
BGD,2021,87.0199966430664,,
BGD,2022,88.08000183105469,88.40389251708984,0.8734999895095825
BGD,2023,89.05000305175781,,
BGD,2024,89.93000030517578,,
BGD,2025,90.75,,
BGR,2010,98.80999755859375,98.235,
BGR,2011,98.83999633789062,98.095,
BGR,2012,98.86000061035156,97.91,
BGR,2013,98.87999725341797,98.50999999999999,
BGR,2014,98.9000015258789,97.52,
BGR,2015,98.91999816894531,98.335,
BGR,2016,98.94000244140625,98.045,
BGR,2017,98.94999694824219,98.405,
BGR,2018,98.9800033569336,98.17,
BGR,2019,99.0,,
BGR,2020,99.0199966430664,97.605,
BGR,2021,99.04000091552734,98.995,
BGR,2022,99.06999969482422,,
BGR,2023,99.08999633789062,,
BGR,2024,99.11000061035156,,
BGR,2025,99.12999725341797,,
BIH,2010,99.45999908447266,,
BIH,2011,99.48999786376953,,
BIH,2012,99.5199966430664,99.73966217041016,0.9966700077056885
BIH,2013,99.54000091552734,,
BIH,2014,99.55999755859375,,
BIH,2015,99.58999633789062,,
BIH,2016,99.61000061035156,,
BIH,2017,99.62999725341797,,
BIH,2018,99.66000366210938,,
BIH,2019,99.68000030517578,,
BIH,2020,99.69000244140625,,
BIH,2021,99.70999908447266,,
BIH,2022,99.7300033569336,,
BIH,2023,99.75,,
BIH,2024,99.76000213623047,,
BIH,2025,99.77999877929688,,
BLR,2010,99.70999908447266,,
BLR,2011,99.70999908447266,,
BLR,2012,99.70999908447266,99.76952362060547,1.0
BLR,2013,99.70999908447266,,
BLR,2014,99.70999908447266,,
BLR,2015,99.72000122070312,,
BLR,2016,99.7300033569336,,
BLR,2017,99.73999786376953,,
BLR,2018,99.75,,
BLR,2019,99.76000213623047,100.0,1.0
BLR,2020,99.7699966430664,,
BLR,2021,99.7699966430664,,
BLR,2022,99.77999877929688,,
BLR,2023,99.77999877929688,,
BLR,2024,99.79000091552734,,
BLR,2025,99.79000091552734,,
BLZ,2011,,84.28,0.6586189270019531
BLZ,2015,,96.18350982666016,0.9210000038146973
BLZ,2025,90.23999786376953,,
BOL,2010,93.7300033569336,,
BOL,2011,94.5999984741211,93.0,0.9372
BOL,2012,95.33000183105469,92.6,0.9186
BOL,2013,95.91999816894531,95.6,0.9506999999999999
BOL,2014,96.38999938964844,93.2,0.9137000000000001
BOL,2015,96.75,96.9,0.9784999999999999
BOL,2016,97.01000213623047,96.4,0.9512999999999999
BOL,2017,97.20999908447266,97.3,0.9378
BOL,2018,97.37999725341797,97.3,0.9756
BOL,2019,97.54000091552734,95.3,0.9759
BOL,2020,97.68000030517578,96.9,0.9484
BOL,2021,97.83000183105469,98.7,0.9889
BOL,2022,98.0,,
BOL,2023,98.16000366210938,99.2431411743164,
BOL,2024,98.30999755859375,98.90702819824219,
BOL,2025,98.47000122070312,,
BRA,2010,84.56999969482422,,
BRA,2011,85.3499984741211,89.9,0.8386
BRA,2012,86.0,91.6,0.8618000000000001
BRA,2013,86.52999877929688,91.5,0.8686
BRA,2014,87.05000305175781,92.9,0.8865999999999999
BRA,2015,87.66000366210938,93.2,0.8954000000000001
BRA,2016,88.33999633789062,93.8,0.903
BRA,2017,89.08000183105469,94.6,0.9257
BRA,2018,89.83999633789062,95.1,0.9347
BRA,2019,90.5,95.7,0.9343
BRA,2020,91.0199966430664,96.3,0.9612
BRA,2021,91.45999908447266,96.7,0.9527
BRA,2022,91.8499984741211,97.1,0.9656999999999999
BRA,2023,92.20999908447266,96.7,0.9684999999999999
BRA,2024,92.61000061035156,97.63082122802734,
BRA,2025,92.95999908447266,,
BRB,2010,99.30999755859375,,
BRB,2011,99.33000183105469,,
BRB,2012,99.33999633789062,98.45480346679688,0.9810000061988831
BRB,2013,99.3499984741211,,
BRB,2014,99.36000061035156,,
BRB,2015,99.36000061035156,,
BRB,2016,99.37000274658203,,
BRB,2017,99.37999725341797,,
BRB,2018,99.38999938964844,,
BRB,2019,99.4000015258789,,
BRB,2020,99.4000015258789,,
BRB,2021,99.41000366210938,,
BRB,2022,99.41999816894531,,
BRB,2023,99.43000030517578,,
BRB,2024,99.44000244140625,,
BRB,2025,99.44999694824219,,
BTN,2010,66.16000366210938,67.86396789550781,0.4712499976158142
BTN,2011,68.81999969482422,,
BTN,2012,71.36000061035156,,
BTN,2013,73.7300033569336,,
BTN,2014,76.08999633789062,,
BTN,2015,78.2699966430664,,
BTN,2016,80.4000015258789,,
BTN,2017,82.41999816894531,,
BTN,2018,84.2699966430664,,
BTN,2019,85.94000244140625,,
BTN,2020,87.47000122070312,,
BTN,2021,88.9800033569336,,
BTN,2022,90.26000213623047,89.61766052246094,
BTN,2023,91.4800033569336,,
BTN,2024,92.55999755859375,,
BTN,2025,93.55999755859375,,
BWA,2010,90.27999877929688,,
BWA,2011,91.87999725341797,93.27203369140625,
BWA,2012,93.2300033569336,,
BWA,2013,94.29000091552734,,
BWA,2014,95.16000366210938,,
BWA,2015,95.88999938964844,,
BWA,2016,96.48999786376953,,
BWA,2017,96.95999908447266,,
BWA,2018,97.36000061035156,,
BWA,2019,97.69000244140625,,
BWA,2020,98.01000213623047,98.05058288574219,
BWA,2021,98.27999877929688,,
BWA,2022,98.48999786376953,,
BWA,2023,98.69000244140625,96.56551361083984,
BWA,2024,98.87999725341797,,
BWA,2025,99.0199966430664,,
CAF,2010,25.17000007629395,42.91474914550781,0.1999099999666214
CAF,2011,25.79000091552734,,
CAF,2012,26.30999946594238,,
CAF,2013,26.82999992370605,,
CAF,2014,27.26000022888184,,
CAF,2015,27.70999908447266,,
CAF,2016,28.11000061035156,,
CAF,2017,28.54000091552734,,
CAF,2018,28.89999961853027,,
CAF,2019,29.21999931335449,27.04540061950684,0.1601999998092651
CAF,2020,29.54999923706055,,
CAF,2021,29.79000091552734,,
CAF,2022,30.03000068664551,,
CAF,2023,30.32999992370605,,
CAF,2024,30.54999923706055,,
CAF,2025,30.81999969482422,,
CAN,2010,99.75,99.76,0.9929999709129333
CAN,2011,99.76000213623047,,
CAN,2012,99.77999877929688,,
CAN,2013,99.79000091552734,,
CAN,2014,99.80000305175781,,
CAN,2015,99.80999755859375,,
CAN,2016,99.81999969482422,,
CAN,2017,99.83000183105469,,
CAN,2018,99.83999633789062,,
CAN,2019,99.8499984741211,,
CAN,2020,99.86000061035156,,
CAN,2021,99.87000274658203,,
CAN,2022,99.87000274658203,,
CAN,2023,99.88999938964844,,
CAN,2024,99.9000015258789,,
CAN,2025,99.9000015258789,,
CHE,2010,99.72000122070312,99.2,
CHE,2011,99.72000122070312,99.095,
CHE,2012,99.72000122070312,99.165,
CHE,2013,99.72000122070312,99.2,
CHE,2014,99.72000122070312,99.425,
CHE,2015,99.72000122070312,99.4,
CHE,2016,99.72000122070312,99.32,
CHE,2017,99.72000122070312,99.25,
CHE,2018,99.72000122070312,99.165,
CHE,2019,99.7300033569336,98.905,
CHE,2020,99.7300033569336,99.17,
CHE,2021,99.73999786376953,99.35000000000001,
CHE,2022,99.75,,
CHE,2023,99.75,,
CHE,2024,99.76000213623047,,
CHE,2025,99.76000213623047,,
CHL,2010,98.30000305175781,,
CHL,2011,98.30999755859375,97.4,0.9615
CHL,2012,98.29000091552734,,
CHL,2013,98.22000122070312,97.0,0.9686
CHL,2014,98.11000061035156,,
CHL,2015,97.95999908447266,97.6,0.9697
CHL,2016,97.77999877929688,,
CHL,2017,97.61000061035156,97.2,0.9725
CHL,2018,97.44999694824219,,
CHL,2019,97.3499984741211,,
CHL,2020,97.2699966430664,97.9,0.9829000000000001
CHL,2021,97.23999786376953,,
CHL,2022,97.26000213623047,99.2,0.998
CHL,2023,97.27999877929688,,
CHL,2024,97.3499984741211,,
CHL,2025,97.43000030517578,,
CHN,2010,96.55999755859375,96.69,0.9418663382530212
CHN,2011,96.75,,
CHN,2012,96.9000015258789,93.28,0.9165470600128174
CHN,2013,97.04000091552734,,
CHN,2014,97.19999694824219,97.21,0.972202479839325
CHN,2015,97.38999938964844,,
CHN,2016,97.5999984741211,96.36,0.9579659700393677
CHN,2017,97.80999755859375,,
CHN,2018,98.01000213623047,97.75927734375,
CHN,2019,98.19000244140625,,
CHN,2020,98.36000061035156,99.19,0.9800999760627747
CHN,2021,98.5199966430664,,
CHN,2022,98.6500015258789,,
CHN,2023,98.77999877929688,,
CHN,2024,98.91000366210938,,
CHN,2025,99.0199966430664,,
CIV,2010,39.45999908447266,,
CIV,2011,41.15000152587891,,
CIV,2012,43.18000030517578,44.30313873291016,0.2443400025367737
CIV,2013,45.66999816894531,,
CIV,2014,48.63000106811523,,
CIV,2015,51.93999862670898,,
CIV,2016,55.34999847412109,56.58734130859375,0.3162899911403656
CIV,2017,58.68000030517578,,
CIV,2018,61.88000106811523,,
CIV,2019,64.91999816894531,,
CIV,2020,67.76000213623047,,
CIV,2021,70.41999816894531,65.15484619140625,0.5168200135231018
CIV,2022,72.94000244140625,,
CIV,2023,75.0999984741211,,
CIV,2024,77.0199966430664,,
CIV,2025,78.79000091552734,,
CMR,2010,69.36000061035156,,
CMR,2011,70.04000091552734,67.85408020019531,0.1928600072860718
CMR,2012,70.7699966430664,,
CMR,2013,71.43000030517578,,
CMR,2014,72.05999755859375,73.6486587524414,0.3711900115013123
CMR,2015,72.7300033569336,,
CMR,2016,73.33999633789062,,
CMR,2017,73.95999908447266,,
CMR,2018,74.56999969482422,73.9798583984375,0.3507300019264221
CMR,2019,75.08000183105469,,
CMR,2020,75.55000305175781,,
CMR,2021,76.05999755859375,,
CMR,2022,76.5199966430664,,
CMR,2023,76.98999786376953,,
CMR,2024,77.37999725341797,,
CMR,2025,77.77999877929688,,
COD,2010,49.81999969482422,44.46561813354492,0.3160099983215332
COD,2011,51.83000183105469,,
COD,2012,53.56000137329102,,
COD,2013,54.88999938964844,68.94529724121094,0.5331000089645386
COD,2014,56.06999969482422,,
COD,2015,57.20999908447266,,
COD,2016,58.47999954223633,,
COD,2017,59.7599983215332,,
COD,2018,61.02000045776367,66.6748275756836,0.4483299851417542
COD,2019,62.13999938964844,,
COD,2020,63.16999816894531,,
COD,2021,64.2300033569336,,
COD,2022,65.37999725341797,,
COD,2023,66.47000122070312,69.99366760253906,0.5102599859237671
COD,2024,67.51000213623047,,
COD,2025,68.44000244140625,,
COG,2010,69.01000213623047,,
COG,2011,71.23999786376953,,
COG,2012,73.58999633789062,74.224853515625,0.4586699903011322
COG,2013,76.06999969482422,,
COG,2014,78.41000366210938,,
COG,2015,80.72000122070312,80.34445190429688,0.4340600073337555
COG,2016,82.73999786376953,,
COG,2017,84.66000366210938,,
COG,2018,86.37000274658203,,
COG,2019,87.9000015258789,,
COG,2020,89.19999694824219,,
COG,2021,90.30999755859375,,
COG,2022,91.36000061035156,,
COG,2023,92.30999755859375,,
COG,2024,93.19000244140625,,
COG,2025,93.86000061035156,,
COL,2010,90.6500015258789,90.59966278076172,0.8034999966621399
COL,2011,90.98999786376953,90.9,0.8345
COL,2012,91.30000305175781,91.5,0.8497
COL,2013,91.56999969482422,91.5,0.8569
COL,2014,91.8499984741211,92.3,0.8634000000000001
COL,2015,92.11000061035156,92.12217712402344,0.8403499722480774
COL,2016,92.44000244140625,92.8,0.8759999999999999
COL,2017,92.79000091552734,93.1,0.8856
COL,2018,93.13999938964844,93.3,0.8925
COL,2019,93.5,93.9,0.9037000000000001
COL,2020,93.8499984741211,93.9,0.8981
COL,2021,94.19000244140625,94.6,0.9222
COL,2022,94.52999877929688,94.3,0.9117000000000001
COL,2023,94.86000061035156,94.7,0.9203
COL,2024,95.18000030517578,97.23860931396484,
COL,2025,95.4800033569336,,
COM,2010,63.31000137329102,,
COM,2011,65.58999633789062,,
COM,2012,67.72000122070312,76.621337890625,0.5781599879264832
COM,2013,69.73999786376953,,
COM,2014,71.66999816894531,,
COM,2015,73.55000305175781,,
COM,2016,75.27999877929688,,
COM,2017,76.83999633789062,,
COM,2018,78.20999908447266,,
COM,2019,79.4800033569336,,
COM,2020,80.66000366210938,,
COM,2021,81.8499984741211,,
COM,2022,82.9800033569336,81.51702880859375,0.7801899909973145
COM,2023,84.08000183105469,,
COM,2024,85.12999725341797,,
COM,2025,86.0999984741211,,
CRI,2010,91.86000061035156,91.3,0.8835999999999999
CRI,2011,92.51000213623047,93.54096221923828,0.8505600094795227
CRI,2012,93.19000244140625,93.5,0.9018
CRI,2013,93.88999938964844,93.4,0.9018
CRI,2014,94.62999725341797,94.5,0.9025
CRI,2015,95.37000274658203,94.7,0.9164
CRI,2016,96.06999969482422,95.4,0.9066
CRI,2017,96.68000030517578,96.1,0.9256
CRI,2018,97.16000366210938,98.5013198852539,0.9508399963378906
CRI,2019,97.56999969482422,96.9,0.938
CRI,2020,97.91999816894531,97.2,0.9520000000000001
CRI,2021,98.19999694824219,97.4,0.95
CRI,2022,98.43000030517578,98.1,0.976
CRI,2023,98.63999938964844,98.4,0.9740000000000001
CRI,2024,98.80000305175781,99.55805206298828,0.9933000206947327
CRI,2025,98.94000244140625,,
CUB,2010,98.9800033569336,98.32,
CUB,2011,99.0199966430664,,
CUB,2012,99.06999969482422,,
CUB,2013,99.11000061035156,,
CUB,2014,99.13999938964844,99.50179290771484,
CUB,2015,99.16999816894531,,
CUB,2016,99.20999908447266,,
CUB,2017,99.25,,
CUB,2018,99.29000091552734,,
CUB,2019,99.33000183105469,99.65849304199219,
CUB,2020,99.36000061035156,,
CUB,2021,99.38999938964844,,
CUB,2022,99.41999816894531,,
CUB,2023,99.44000244140625,,
CUB,2024,99.47000122070312,,
CUB,2025,99.5,,
CYP,2010,98.87000274658203,98.42,
CYP,2011,98.87999725341797,97.86,
CYP,2012,98.87999725341797,98.395,
CYP,2013,98.88999938964844,99.435,
CYP,2014,98.88999938964844,99.435,
CYP,2015,98.87999725341797,98.455,
CYP,2016,98.87999725341797,98.06,
CYP,2017,98.88999938964844,98.28,
CYP,2018,98.91000366210938,98.83999999999999,
CYP,2019,98.91999816894531,,
CYP,2020,98.94000244140625,,
CYP,2021,98.94999694824219,97.625,
CYP,2022,98.95999908447266,,
CYP,2023,98.97000122070312,,
CYP,2024,98.98999786376953,,
CYP,2025,99.0,,
CZE,2010,99.83999633789062,,
CZE,2011,99.83999633789062,,
CZE,2012,99.83999633789062,,
CZE,2013,99.8499984741211,,
CZE,2014,99.8499984741211,,
CZE,2015,99.8499984741211,,
CZE,2016,99.86000061035156,,
CZE,2017,99.86000061035156,,
CZE,2018,99.87000274658203,,
CZE,2019,99.87999725341797,,
CZE,2020,99.87999725341797,,
CZE,2021,99.88999938964844,,
CZE,2022,99.88999938964844,,
CZE,2023,99.9000015258789,,
CZE,2024,99.9000015258789,,
CZE,2025,99.9000015258789,,
DEU,2010,99.98999786376953,,
DEU,2011,99.98999786376953,98.115,
DEU,2012,99.98999786376953,98.285,
DEU,2013,99.98999786376953,98.45,
DEU,2014,99.98999786376953,,
DEU,2015,99.98999786376953,,
DEU,2016,99.98999786376953,,
DEU,2017,100.0,,
DEU,2018,100.0,,
DEU,2019,100.0,,
DEU,2020,100.0,,
DEU,2021,100.0,,
DEU,2022,100.0,,
DEU,2023,100.0,,
DEU,2024,100.0,,
DEU,2025,100.0,,
DJI,2010,76.30999755859375,,
DJI,2011,77.37000274658203,,
DJI,2012,78.47000122070312,,
DJI,2013,79.4800033569336,,
DJI,2014,80.44999694824219,,
DJI,2015,81.44999694824219,,
DJI,2016,82.41999816894531,,
DJI,2017,83.3499984741211,81.03412628173828,
DJI,2018,84.16999816894531,,
DJI,2019,85.05000305175781,,
DJI,2020,85.86000061035156,,
DJI,2021,86.5999984741211,,
DJI,2022,87.31999969482422,,
DJI,2023,88.04000091552734,,
DJI,2024,88.75,,
DJI,2025,89.38999938964844,,
DNK,2010,99.88999938964844,100.0,
DNK,2011,99.88999938964844,100.0,
DNK,2012,99.88999938964844,99.985,
DNK,2013,99.88999938964844,99.935,
DNK,2014,99.87999725341797,99.2,
DNK,2015,99.87999725341797,99.295,
DNK,2016,99.87999725341797,99.485,
DNK,2017,99.87999725341797,99.535,
DNK,2018,99.87999725341797,99.505,
DNK,2019,99.87999725341797,99.395,
DNK,2020,99.88999938964844,99.385,
DNK,2021,99.88999938964844,99.42,
DNK,2022,99.9000015258789,,
DNK,2023,99.91000366210938,,
DNK,2024,99.91000366210938,,
DNK,2025,99.91999816894531,,
DOM,2010,83.4800033569336,85.6,0.816
DOM,2011,84.95999908447266,88.1,0.8347
DOM,2012,86.41999816894531,88.1,0.8309000000000001
DOM,2013,87.87000274658203,89.47863006591797,0.7642199993133545
DOM,2014,89.25,91.51656341552734,0.7851899862289429
DOM,2015,90.43000030517578,89.6,0.8651000000000001
DOM,2016,91.44000244140625,90.4,0.8744
DOM,2017,92.30999755859375,92.6,0.9123
DOM,2018,93.0199966430664,92.9,0.9251
DOM,2019,93.63999938964844,90.70519256591797,0.8158699870109558
DOM,2020,94.13999938964844,92.2,1.0066
DOM,2021,94.58000183105469,92.8,0.9267
DOM,2022,95.0,93.4,0.9039
DOM,2023,95.36000061035156,92.4,0.8742
DOM,2024,95.73999786376953,90.09657287597656,
DOM,2025,96.11000061035156,,
DZA,2010,93.4000015258789,,
DZA,2011,93.68000030517578,,
DZA,2012,93.87000274658203,,
DZA,2013,94.0,94.24063110351562,0.874210000038147
DZA,2014,94.13999938964844,,
DZA,2015,94.27999877929688,,
DZA,2016,94.45999908447266,,
DZA,2017,94.62000274658203,,
DZA,2018,94.83999633789062,,
DZA,2019,95.08000183105469,94.05358123779297,0.8685600161552429
DZA,2020,95.33000183105469,,
DZA,2021,95.58000183105469,,
DZA,2022,95.83000183105469,,
DZA,2023,96.05999755859375,,
DZA,2024,96.31999969482422,,
DZA,2025,96.5199966430664,,
ECU,2010,89.9800033569336,95.6,0.9443
ECU,2011,90.7699966430664,96.3,0.9634
ECU,2012,91.75,96.6,0.9732999999999999
ECU,2013,92.86000061035156,97.3,0.9666
ECU,2014,93.9800033569336,97.6,0.9598
ECU,2015,95.05999755859375,98.1,0.9670000000000001
ECU,2016,96.0199966430664,98.3,0.9740000000000001
ECU,2017,96.81999969482422,98.2,0.9799
ECU,2018,97.48999786376953,98.6,0.9959
ECU,2019,98.0199966430664,98.2,0.9819
ECU,2020,98.44000244140625,98.4,1.003
ECU,2021,98.76000213623047,98.8,0.985
ECU,2022,99.0199966430664,99.0,0.9879000000000001
ECU,2023,99.20999908447266,98.8,0.9809
ECU,2024,99.37999725341797,98.12709045410156,
ECU,2025,99.5,,
EGY,2010,89.58000183105469,,
EGY,2011,90.19999694824219,,
EGY,2012,90.80000305175781,,
EGY,2013,91.38999938964844,,
EGY,2014,91.9800033569336,90.86884307861328,0.893310010433197
EGY,2015,92.5199966430664,91.38,0.8992595672607422
EGY,2016,93.0199966430664,,
EGY,2017,93.4800033569336,93.69,0.9233771562576294
EGY,2018,93.9000015258789,,
EGY,2019,94.31999969482422,,
EGY,2020,94.69999694824219,,
EGY,2021,95.06999969482422,97.23465728759766,0.9553099870681763
EGY,2022,95.41999816894531,96.11,
EGY,2023,95.7300033569336,,
EGY,2024,96.04000091552734,,
EGY,2025,96.3499984741211,,
ESP,2010,98.31999969482422,,
ESP,2011,98.33000183105469,,
ESP,2012,98.36000061035156,,
ESP,2013,98.38999938964844,,
ESP,2014,98.41000366210938,,
ESP,2015,98.44000244140625,97.52499999999999,
ESP,2016,98.45999908447266,,
ESP,2017,98.4800033569336,98.265,
ESP,2018,98.48999786376953,97.875,
ESP,2019,98.51000213623047,97.965,
ESP,2020,98.5199966430664,98.42,
ESP,2021,98.54000091552734,98.615,
ESP,2022,98.55999755859375,,
ESP,2023,98.58000183105469,,
ESP,2024,98.5999984741211,,
ESP,2025,98.61000061035156,,
EST,2010,99.44000244140625,98.74000000000001,
EST,2011,99.44999694824219,98.965,
EST,2012,99.44999694824219,99.55000000000001,
EST,2013,99.45999908447266,99.095,
EST,2014,99.45999908447266,99.565,
EST,2015,99.44999694824219,99.41,
EST,2016,99.45999908447266,99.47500000000001,
EST,2017,99.47000122070312,99.535,
EST,2018,99.4800033569336,99.45,
EST,2019,99.4800033569336,99.515,
EST,2020,99.4800033569336,99.24,
EST,2021,99.48999786376953,99.74499999999999,
EST,2022,99.5,,
EST,2023,99.5,,
EST,2024,99.5,,
EST,2025,99.51000213623047,,
ETH,2010,37.59999847412109,,
ETH,2011,39.59999847412109,39.57276916503906,0.2645899951457977
ETH,2012,41.61999893188477,,
ETH,2013,43.72000122070313,,
ETH,2014,45.72999954223633,,
ETH,2015,47.68999862670898,,
ETH,2016,49.63000106811523,49.3120002746582,0.3569000065326691
ETH,2017,51.61000061035156,,
ETH,2018,53.40999984741211,,
ETH,2019,55.11999893188477,55.64854049682617,0.3519200086593628
ETH,2020,56.72999954223633,,
ETH,2021,58.33000183105469,,
ETH,2022,59.79000091552734,54.4380989074707,
ETH,2023,61.40999984741211,,
ETH,2024,62.95999908447266,,
ETH,2025,64.56999969482422,,
FIN,2010,99.63999938964844,99.72,
FIN,2011,99.63999938964844,99.835,
FIN,2012,99.63999938964844,99.83,
FIN,2013,99.63999938964844,99.855,
FIN,2014,99.62999725341797,99.845,
FIN,2015,99.62999725341797,99.285,
FIN,2016,99.62999725341797,99.705,
FIN,2017,99.62999725341797,99.645,
FIN,2018,99.63999938964844,99.735,
FIN,2019,99.63999938964844,99.65,
FIN,2020,99.6500015258789,99.53999999999999,
FIN,2021,99.66000366210938,99.77000000000001,
FIN,2022,99.66999816894531,,
FIN,2023,99.66999816894531,,
FIN,2024,99.66999816894531,,
FIN,2025,99.68000030517578,,
FJI,2010,97.94000244140625,,
FJI,2011,97.95999908447266,,
FJI,2012,98.0,,
FJI,2013,98.02999877929688,,
FJI,2014,98.08000183105469,,
FJI,2015,98.12999725341797,,
FJI,2016,98.20999908447266,,
FJI,2017,98.27999877929688,,
FJI,2018,98.36000061035156,,
FJI,2019,98.44999694824219,,
FJI,2020,98.54000091552734,,
FJI,2021,98.62999725341797,98.43830871582031,0.9884099960327148
FJI,2022,98.70999908447266,,
FJI,2023,98.79000091552734,,
FJI,2024,98.86000061035156,,
FJI,2025,98.91999816894531,,
FRA,2010,99.4000015258789,99.265,
FRA,2011,99.41000366210938,98.995,
FRA,2012,99.41999816894531,99.27,
FRA,2013,99.43000030517578,99.41499999999999,
FRA,2014,99.44000244140625,99.235,
FRA,2015,99.45999908447266,99.465,
FRA,2016,99.47000122070312,99.345,
FRA,2017,99.4800033569336,99.18,
FRA,2018,99.5,99.41,
FRA,2019,99.51000213623047,99.395,
FRA,2020,99.5199966430664,99.075,
FRA,2021,99.54000091552734,99.13499999999999,
FRA,2022,99.55000305175781,,
FRA,2023,99.55999755859375,,
FRA,2024,99.56999969482422,,
FRA,2025,99.58000183105469,,
GAB,2010,63.56000137329102,,
GAB,2011,64.19000244140625,,
GAB,2012,64.87000274658203,70.94245910644531,0.3673900067806244
GAB,2013,65.58999633789062,,
GAB,2014,66.41000366210938,,
GAB,2015,67.27999877929688,,
GAB,2016,68.30000305175781,,
GAB,2017,69.30000305175781,76.13,0.6396666765213013
GAB,2018,70.11000061035156,,
GAB,2019,70.88999938964844,,
GAB,2020,71.7300033569336,,0.6045721173286438
GAB,2021,72.33999633789062,,
GAB,2022,72.87000274658203,,
GAB,2023,73.37999725341797,,
GAB,2024,73.83999633789062,,
GAB,2025,74.25,,
GBR,2010,99.79000091552734,99.605,
GBR,2011,99.80000305175781,99.63499999999999,
GBR,2012,99.80999755859375,99.78,
GBR,2013,99.80999755859375,99.7,
GBR,2014,99.81999969482422,99.96000000000001,
GBR,2015,99.81999969482422,99.97500000000001,
GBR,2016,99.83000183105469,99.855,
GBR,2017,99.83999633789062,99.705,
GBR,2018,99.83999633789062,99.795,
GBR,2019,99.83999633789062,99.795,
GBR,2020,99.8499984741211,,
GBR,2021,99.86000061035156,,
GBR,2022,99.86000061035156,,
GBR,2023,99.87000274658203,,
GBR,2024,99.87999725341797,,
GBR,2025,99.87999725341797,,
GEO,2010,99.45999908447266,,
GEO,2011,99.48999786376953,,
GEO,2012,99.5199966430664,,
GEO,2013,99.55000305175781,100.0,1.0
GEO,2014,99.56999969482422,,
GEO,2015,99.5999984741211,,
GEO,2016,99.62999725341797,100.0,1.0
GEO,2017,99.66000366210938,,
GEO,2018,99.68000030517578,99.90618133544922,1.002140045166016
GEO,2019,99.69999694824219,,
GEO,2020,99.72000122070312,,
GEO,2021,99.7300033569336,,
GEO,2022,99.75,,
GEO,2023,99.76000213623047,,
GEO,2024,99.77999877929688,,
GEO,2025,99.79000091552734,,
GHA,2010,68.11000061035156,64.14411926269531,
GHA,2011,69.04000091552734,65.58,0.434207558631897
GHA,2012,69.87999725341797,,
GHA,2013,70.70999908447266,,
GHA,2014,71.52999877929688,65.83101654052734,0.513159990310669
GHA,2015,72.37000274658203,,
GHA,2016,73.22000122070312,,
GHA,2017,73.9800033569336,70.95719909667969,0.6074299812316895
GHA,2018,74.66999816894531,,
GHA,2019,75.26000213623047,,
GHA,2020,75.8499984741211,,
GHA,2021,76.44000244140625,,
GHA,2022,77.01000213623047,71.50914001464844,0.5046899914741516
GHA,2023,77.66999816894531,77.95242309570312,
GHA,2024,78.38999938964844,77.5939712524414,
GHA,2025,79.08999633789062,,
GIN,2010,36.25,,
GIN,2011,37.79000091552734,,
GIN,2012,39.45000076293945,42.22286987304688,0.1717900037765503
GIN,2013,41.15999984741211,,
GIN,2014,42.95999908447266,,
GIN,2015,44.61000061035156,,
GIN,2016,46.11000061035156,53.69412994384766,0.2945199906826019
GIN,2017,47.52999877929688,,
GIN,2018,48.97000122070313,45.13703155517578,0.1961899995803833
GIN,2019,50.58000183105469,,
GIN,2020,52.2599983215332,,
GIN,2021,54.0099983215332,,
GIN,2022,55.7400016784668,,
GIN,2023,57.5,,
GIN,2024,59.27999877929688,,
GIN,2025,60.97000122070313,,
GMB,2010,59.43999862670898,58.49359130859375,0.529990017414093
GMB,2011,60.41999816894531,,
GMB,2012,61.41999816894531,,
GMB,2013,62.45000076293945,61.99319076538086,0.573639988899231
GMB,2014,63.59000015258789,,
GMB,2015,64.73999786376953,,
GMB,2016,65.83000183105469,,
GMB,2017,66.8499984741211,,
GMB,2018,67.81999969482422,65.52498626708984,0.5473499894142151
GMB,2019,68.79000091552734,,
GMB,2020,69.76000213623047,63.77070999145508,0.5488100051879883
GMB,2021,70.66000366210938,,
GMB,2022,71.68000030517578,,
GMB,2023,72.66000366210938,62.32320022583008,
GMB,2024,73.75,,
GMB,2025,74.77999877929688,,
GNB,2010,21.15999984741211,,
GNB,2011,21.67000007629395,,
GNB,2012,22.21999931335449,,
GNB,2013,22.75,,
GNB,2014,23.36000061035156,29.14937973022461,0.1329399943351746
GNB,2015,23.96999931335449,,
GNB,2016,24.6200008392334,,
GNB,2017,25.35000038146973,,
GNB,2018,26.10000038146973,,
GNB,2019,26.77000045776367,,0.3211335837841034
GNB,2020,27.40999984741211,,
GNB,2021,28.0,,
GNB,2022,28.64999961853027,38.67390060424805,
GNB,2023,29.23999977111816,,
GNB,2024,29.85000038146973,,
GNB,2025,30.5,,
GNQ,2010,64.38999938964844,,
GNQ,2011,65.0199966430664,,
GNQ,2012,65.75,,
GNQ,2013,66.31999969482422,,
GNQ,2014,66.9000015258789,,
GNQ,2015,67.48999786376953,,
GNQ,2016,68.12999725341797,,
GNQ,2017,68.77999877929688,,
GNQ,2018,69.4000015258789,,
GNQ,2019,70.0199966430664,,
GNQ,2020,70.58000183105469,,
GNQ,2021,71.18000030517578,,
GNQ,2022,71.73999786376953,,
GNQ,2023,72.3499984741211,,
GNQ,2024,72.94000244140625,,
GNQ,2025,73.55999755859375,,
GRC,2010,99.16999816894531,98.11,
GRC,2011,99.1500015258789,98.205,
GRC,2012,99.1500015258789,98.42999999999999,
GRC,2013,99.16000366210938,98.335,
GRC,2014,99.19000244140625,98.6,
GRC,2015,99.20999908447266,98.905,
GRC,2016,99.22000122070312,99.27,
GRC,2017,99.23999786376953,98.78,
GRC,2018,99.26000213623047,99.175,
GRC,2019,99.26000213623047,99.26,
GRC,2020,99.27999877929688,99.47,
GRC,2021,99.29000091552734,99.06,
GRC,2022,99.30000305175781,,
GRC,2023,99.30999755859375,,
GRC,2024,99.31999969482422,,
GRC,2025,99.33000183105469,,
GTM,2010,70.22000122070312,,
GTM,2011,72.26000213623047,70.78999999999999,0.5028862953186035
GTM,2012,74.16999816894531,,
GTM,2013,75.8499984741211,,
GTM,2014,77.27999877929688,72.5,0.6606000000000001
GTM,2015,78.45999908447266,78.26445007324219,0.5830900073051453
GTM,2016,79.44999694824219,,
GTM,2017,80.4000015258789,,
GTM,2018,81.3499984741211,,
GTM,2019,82.26000213623047,,
GTM,2020,83.19999694824219,,
GTM,2021,84.0199966430664,,
GTM,2022,84.76000213623047,85.23755645751953,
GTM,2023,85.5999984741211,,
GTM,2024,86.36000061035156,84.97044372558594,
GTM,2025,87.05000305175781,,
GUY,2010,96.16999816894531,,
GUY,2011,96.55000305175781,,
GUY,2012,96.88999938964844,,
GUY,2013,97.19999694824219,,
GUY,2014,97.4800033569336,97.53209686279297,0.9535700082778931
GUY,2015,97.7300033569336,,
GUY,2016,97.95999908447266,,
GUY,2017,98.16999816894531,,
GUY,2018,98.3499984741211,,
GUY,2019,98.5199966430664,98.21882629394531,0.953790009021759
GUY,2020,98.66000366210938,,
GUY,2021,98.80000305175781,,
GUY,2022,98.91999816894531,,
GUY,2023,99.02999877929688,,
GUY,2024,99.12000274658203,,
GUY,2025,99.22000122070312,,
HND,2010,77.62999725341797,80.9,0.7152
HND,2011,78.63999938964844,82.91049194335938,0.6276100277900696
HND,2012,79.5199966430664,81.9,0.7864
HND,2013,80.2699966430664,82.7,0.782
HND,2014,80.86000061035156,82.5,0.7141
HND,2015,81.5199966430664,84.8,0.8066
HND,2016,82.36000061035156,84.4,0.8076000000000001
HND,2017,83.37000274658203,,
HND,2018,84.5199966430664,86.9,0.7639
HND,2019,85.58000183105469,87.39939880371094,0.7315800189971924
HND,2020,86.5,,
HND,2021,87.25,,
HND,2022,87.9000015258789,,
HND,2023,88.45999908447266,85.14341735839844,0.8597
HND,2024,89.02999877929688,88.06777954101562,
HND,2025,89.56999969482422,,
HRV,2010,99.68000030517578,98.85000000000001,
HRV,2011,99.68000030517578,99.31,
HRV,2012,99.68000030517578,99.735,
HRV,2013,99.68000030517578,99.485,
HRV,2014,99.68000030517578,99.42999999999999,
HRV,2015,99.69000244140625,99.38,
HRV,2016,99.69999694824219,99.385,
HRV,2017,99.70999908447266,99.505,
HRV,2018,99.70999908447266,99.52,
HRV,2019,99.72000122070312,99.3,
HRV,2020,99.72000122070312,99.175,
HRV,2021,99.7300033569336,99.785,
HRV,2022,99.7300033569336,,
HRV,2023,99.75,,
HRV,2024,99.75,,
HRV,2025,99.76000213623047,,
HTI,2010,37.34999847412109,,
HTI,2011,38.02999877929688,,
HTI,2012,38.72999954223633,44.05852127075195,0.2057500034570694
HTI,2013,39.47999954223633,,
HTI,2014,40.38000106811523,,
HTI,2015,41.34000015258789,,
HTI,2016,42.36000061035156,,
HTI,2017,43.33000183105469,52.98419189453125,0.2592499852180481
HTI,2018,44.27000045776367,,
HTI,2019,45.15000152587891,,
HTI,2020,46.0,,
HTI,2021,46.91999816894531,,
HTI,2022,47.79999923706055,,
HTI,2023,48.65999984741211,,
HTI,2024,49.56000137329102,,
HTI,2025,50.5099983215332,,
HUN,2010,99.06999969482422,99.275,
HUN,2011,99.06999969482422,99.205,
HUN,2012,99.06999969482422,99.42999999999999,
HUN,2013,99.06999969482422,99.325,
HUN,2014,99.06999969482422,99.44,
HUN,2015,99.06999969482422,99.435,
HUN,2016,99.08000183105469,99.445,
HUN,2017,99.08999633789062,99.295,
HUN,2018,99.0999984741211,99.235,
HUN,2019,99.0999984741211,99.02,
HUN,2020,99.11000061035156,99.205,
HUN,2021,99.12000274658203,99.205,
HUN,2022,99.12999725341797,,
HUN,2023,99.13999938964844,,
HUN,2024,99.13999938964844,,
HUN,2025,99.1500015258789,,
IDN,2010,94.93000030517578,,
IDN,2011,95.36000061035156,,
IDN,2012,95.79000091552734,95.24000000000001,0.8785433173179626
IDN,2013,96.16999816894531,,
IDN,2014,96.4800033569336,,
IDN,2015,96.75,,
IDN,2016,97.02999877929688,,
IDN,2017,97.30999755859375,96.64209747314453,0.9128400087356567
IDN,2018,97.5999984741211,,
IDN,2019,97.87999725341797,,
IDN,2020,98.12999725341797,,
IDN,2021,98.33999633789062,,
IDN,2022,98.51000213623047,99.05000000000001,
IDN,2023,98.66000366210938,,
IDN,2024,98.77999877929688,,
IDN,2025,98.88999938964844,,
IND,2010,86.1500015258789,,
IND,2011,87.23999786376953,88.35,0.8694122433662415
IND,2012,88.22000122070312,,
IND,2013,89.19999694824219,,
IND,2014,90.02999877929688,,
IND,2015,90.80000305175781,,
IND,2016,91.52999877929688,91.59638214111328,0.8158599734306335
IND,2017,92.2699966430664,,
IND,2018,93.0,,
IND,2019,93.69000244140625,94.15231323242188,0.8790900111198425
IND,2020,94.29000091552734,,
IND,2021,94.81999969482422,,
IND,2022,95.30000305175781,,
IND,2023,95.7300033569336,,
IND,2024,96.1500015258789,,
IND,2025,96.52999877929688,,
IRL,2010,99.72000122070312,,
IRL,2011,99.7300033569336,,
IRL,2012,99.73999786376953,,
IRL,2013,99.73999786376953,,
IRL,2014,99.73999786376953,,
IRL,2015,99.73999786376953,,
IRL,2016,99.73999786376953,,
IRL,2017,99.75,,
IRL,2018,99.76000213623047,,
IRL,2019,99.7699966430664,,
IRL,2020,99.7699966430664,,
IRL,2021,99.7699966430664,,
IRL,2022,99.77999877929688,,
IRL,2023,99.79000091552734,,
IRL,2024,99.79000091552734,,
IRL,2025,99.80000305175781,,
IRN,2010,93.47000122070312,,
IRN,2011,93.62999725341797,,
IRN,2012,93.80999755859375,,
IRN,2013,93.98999786376953,,
IRN,2014,94.2300033569336,,
IRN,2015,94.44999694824219,,
IRN,2016,94.66000366210938,,
IRN,2017,94.91000366210938,,
IRN,2018,95.1500015258789,,
IRN,2019,95.4000015258789,,
IRN,2020,95.66000366210938,,
IRN,2021,95.87999725341797,,
IRN,2022,96.11000061035156,,
IRN,2023,96.33000183105469,,
IRN,2024,96.51000213623047,,
IRN,2025,96.73999786376953,,
IRQ,2010,62.77000045776367,,
IRQ,2011,64.33000183105469,65.3929214477539,0.4391700029373169
IRQ,2012,66.11000061035156,,
IRQ,2013,67.94999694824219,,
IRQ,2014,69.83999633789062,,
IRQ,2015,71.69999694824219,,
IRQ,2016,73.51000213623047,,
IRQ,2017,75.20999908447266,,
IRQ,2018,76.69999694824219,75.67041015625,0.5841599702835083
IRQ,2019,78.01000213623047,,
IRQ,2020,79.16000366210938,,
IRQ,2021,80.18000030517578,,
IRQ,2022,81.08000183105469,,
IRQ,2023,81.87999725341797,,
IRQ,2024,82.6500015258789,,
IRQ,2025,83.2699966430664,,
ISL,2010,97.69000244140625,,
ISL,2011,97.66000366210938,,
ISL,2012,97.62000274658203,,
ISL,2013,97.55000305175781,,
ISL,2014,97.45999908447266,,
ISL,2015,97.37999725341797,,
ISL,2016,97.33000183105469,,
ISL,2017,97.30999755859375,,
ISL,2018,97.31999969482422,,
ISL,2019,97.31999969482422,,
ISL,2020,97.3499984741211,,
ISL,2021,97.36000061035156,,
ISL,2022,97.38999938964844,,
ISL,2023,97.41999816894531,,
ISL,2024,97.41999816894531,,
ISL,2025,97.43000030517578,,
ISR,2010,99.76000213623047,,
ISR,2011,99.79000091552734,,
ISR,2012,99.80999755859375,99.95,1.0
ISR,2013,99.83999633789062,100.0,1.0
ISR,2014,99.87000274658203,,
ISR,2015,99.88999938964844,99.95,0.9990000128746033
ISR,2016,99.91000366210938,,
ISR,2017,99.94000244140625,99.83999999999999,0.9973999857902527
ISR,2018,99.94999694824219,100.0,1.0
ISR,2019,99.97000122070312,,
ISR,2020,99.98999786376953,,
ISR,2021,100.0,,
ISR,2022,100.0,,
ISR,2023,100.0,,
ISR,2024,100.0,,
ISR,2025,100.0,,
ITA,2010,99.7699966430664,99.29,
ITA,2011,99.77999877929688,99.45,
ITA,2012,99.80999755859375,99.29,
ITA,2013,99.81999969482422,99.47500000000001,
ITA,2014,99.83999633789062,99.36500000000001,
ITA,2015,99.86000061035156,99.325,
ITA,2016,99.86000061035156,99.48,
ITA,2017,99.87000274658203,99.53999999999999,
ITA,2018,99.87999725341797,99.505,
ITA,2019,99.88999938964844,99.6,
ITA,2020,99.88999938964844,99.64,
ITA,2021,99.9000015258789,99.69,
ITA,2022,99.91000366210938,,
ITA,2023,99.91999816894531,,
ITA,2024,99.93000030517578,,
ITA,2025,99.93000030517578,,
JAM,2010,99.05000305175781,,
JAM,2011,99.08000183105469,99.4347915649414,0.9817699790000916
JAM,2012,99.11000061035156,,
JAM,2013,99.12999725341797,,
JAM,2014,99.1500015258789,,
JAM,2015,99.18000030517578,,
JAM,2016,99.19000244140625,,
JAM,2017,99.20999908447266,,
JAM,2018,99.22000122070312,,
JAM,2019,99.23999786376953,,
JAM,2020,99.25,,
JAM,2021,99.27999877929688,99.55419921875,
JAM,2022,99.30999755859375,99.19233703613281,0.9829999804496765
JAM,2023,99.33000183105469,,
JAM,2024,99.36000061035156,,
JAM,2025,99.37000274658203,,
JOR,2010,97.68000030517578,,
JOR,2011,97.70999908447266,,
JOR,2012,97.75,97.61999999999999,0.9566929340362549
JOR,2013,97.79000091552734,97.92999999999999,0.9906003475189209
JOR,2014,97.81999969482422,,
JOR,2015,97.8499984741211,,
JOR,2016,97.88999938964844,,
JOR,2017,97.94999694824219,96.60735321044922,0.9218500256538391
JOR,2018,98.02999877929688,,
JOR,2019,98.08999633789062,,
JOR,2020,98.16000366210938,,
JOR,2021,98.2300033569336,,
JOR,2022,98.30999755859375,,
JOR,2023,98.37999725341797,96.54766082763672,0.9095199704170227
JOR,2024,98.45999908447266,,
JOR,2025,98.52999877929688,,
JPN,2010,100.0,,
JPN,2011,100.0,,
JPN,2012,100.0,,
JPN,2013,100.0,,
JPN,2014,100.0,,
JPN,2015,100.0,,
JPN,2016,100.0,,
JPN,2017,100.0,,
JPN,2018,100.0,,
JPN,2019,100.0,,
JPN,2020,100.0,,
JPN,2021,100.0,,
JPN,2022,100.0,,
JPN,2023,100.0,,
JPN,2024,100.0,,
JPN,2025,100.0,,
KAZ,2010,99.56999969482422,,
KAZ,2011,99.58000183105469,99.78235626220703,0.9935899972915649
KAZ,2012,99.58000183105469,,
KAZ,2013,99.58000183105469,,
KAZ,2014,99.58000183105469,,
KAZ,2015,99.58000183105469,99.87547302246094,1.003780007362366
KAZ,2016,99.58000183105469,,
KAZ,2017,99.58999633789062,,
KAZ,2018,99.58999633789062,,
KAZ,2019,99.5999984741211,,
KAZ,2020,99.61000061035156,,
KAZ,2021,99.62999725341797,,
KAZ,2022,99.63999938964844,,
KAZ,2023,99.66000366210938,,
KAZ,2024,99.66999816894531,99.49510192871094,0.99440997838974
KAZ,2025,99.69000244140625,,
KEN,2010,68.9800033569336,,
KEN,2011,70.2300033569336,,
KEN,2012,71.2300033569336,,
KEN,2013,72.11000061035156,,
KEN,2014,72.87999725341797,84.14092254638672,0.654009997844696
KEN,2015,73.72000122070312,,
KEN,2016,74.75,,
KEN,2017,76.01000213623047,,
KEN,2018,77.58999633789062,,
KEN,2019,79.4000015258789,80.43219757080078,
KEN,2020,81.31999969482422,77.74044799804688,
KEN,2021,83.19000244140625,77.5457992553711,
KEN,2022,84.83999633789062,85.32025909423828,0.8253300189971924
KEN,2023,86.25,,
KEN,2024,87.4000015258789,90.77655792236328,
KEN,2025,88.36000061035156,,
KGZ,2010,99.19999694824219,,
KGZ,2011,99.22000122070312,,
KGZ,2012,99.25,99.58287811279297,1.004029989242554
KGZ,2013,99.26000213623047,,
KGZ,2014,99.2699966430664,99.26880645751953,0.982729971408844
KGZ,2015,99.29000091552734,,
KGZ,2016,99.30000305175781,,
KGZ,2017,99.30999755859375,,
KGZ,2018,99.31999969482422,99.21904754638672,1.008859992027283
KGZ,2019,99.31999969482422,,
KGZ,2020,99.33000183105469,,
KGZ,2021,99.33999633789062,,
KGZ,2022,99.36000061035156,,
KGZ,2023,99.37999725341797,99.44795227050781,0.9859799742698669
KGZ,2024,99.38999938964844,,
KGZ,2025,99.4000015258789,,
KHM,2010,62.68000030517578,71.06842803955078,0.485150009393692
KHM,2011,63.15999984741211,,
KHM,2012,63.86000061035156,,
KHM,2013,65.0199966430664,,
KHM,2014,66.79000091552734,72.28276824951172,0.5234100222587585
KHM,2015,68.97000122070312,,
KHM,2016,71.31999969482422,,
KHM,2017,73.5199966430664,,
KHM,2018,75.4000015258789,,
KHM,2019,76.8499984741211,78.16902160644531,
KHM,2020,78.0,,
KHM,2021,79.0,82.31659698486328,0.6891999840736389
KHM,2022,79.95999908447266,,
KHM,2023,80.91999816894531,,
KHM,2024,81.87000274658203,,
KHM,2025,82.7300033569336,,
KIR,2010,93.2300033569336,,
KIR,2011,93.30000305175781,,
KIR,2012,93.37000274658203,,
KIR,2013,93.44000244140625,,
KIR,2014,93.52999877929688,,
KIR,2015,93.6500015258789,,
KIR,2016,93.75,,
KIR,2017,93.83999633789062,,
KIR,2018,93.91000366210938,94.08631896972656,0.9224799871444702
KIR,2019,93.98999786376953,,
KIR,2020,94.08999633789062,,
KIR,2021,94.1500015258789,,
KIR,2022,94.19999694824219,,
KIR,2023,94.27999877929688,,
KIR,2024,94.3499984741211,,
KIR,2025,94.38999938964844,,
KOR,2010,99.94000244140625,,
KOR,2011,99.94999694824219,,
KOR,2012,99.95999908447266,100.0,
KOR,2013,99.97000122070312,,
KOR,2014,99.97000122070312,,
KOR,2015,99.9800033569336,,
KOR,2016,99.9800033569336,,
KOR,2017,99.98999786376953,,
KOR,2018,99.98999786376953,,
KOR,2019,100.0,,
KOR,2020,100.0,,
KOR,2021,100.0,,
KOR,2022,100.0,,
KOR,2023,100.0,,
KOR,2024,100.0,,
KOR,2025,100.0,,
LAO,2010,58.59999847412109,,
LAO,2011,59.45000076293945,,
LAO,2012,60.20000076293945,67.13764953613281,0.2865599989891052
LAO,2013,61.06000137329102,,
LAO,2014,61.86999893188477,,
LAO,2015,62.65000152587891,,
LAO,2016,63.41999816894531,,
LAO,2017,64.16000366210938,83.43331146240234,0.5894700288772583
LAO,2018,64.98999786376953,,
LAO,2019,65.72000122070312,,
LAO,2020,66.54000091552734,,
LAO,2021,67.3499984741211,,
LAO,2022,68.08000183105469,,
LAO,2023,68.81999969482422,87.65978240966797,0.6995199918746948
LAO,2024,69.5,,
LAO,2025,70.13999938964844,,
LBN,2018,,96.85648345947266,
LBR,2010,29.34000015258789,,
LBR,2011,29.3700008392334,,
LBR,2012,29.27000045776367,,
LBR,2013,29.1200008392334,34.24779891967773,0.1883099973201752
LBR,2014,28.94000053405762,,
LBR,2015,28.84000015258789,,
LBR,2016,28.80999946594238,11.21,
LBR,2017,28.71999931335449,,
LBR,2018,28.67000007629395,,
LBR,2019,28.59000015258789,30.5327091217041,0.1531299948692322
LBR,2020,28.59000015258789,,
LBR,2021,28.71999931335449,,
LBR,2022,29.04000091552734,,
LBR,2023,29.35000038146973,,
LBR,2024,29.61000061035156,,
LBR,2025,29.84000015258789,,
LCA,2010,98.9800033569336,,
LCA,2011,99.04000091552734,,
LCA,2012,99.08999633789062,99.5796127319336,0.9784299731254578
LCA,2013,99.13999938964844,,
LCA,2014,99.18000030517578,,
LCA,2015,99.2300033569336,,
LCA,2016,99.2699966430664,,
LCA,2017,99.30999755859375,,
LCA,2018,99.3499984741211,,
LCA,2019,99.38999938964844,,
LCA,2020,99.41999816894531,,
LCA,2021,99.47000122070312,,
LCA,2022,99.5,,
LCA,2023,99.52999877929688,,
LCA,2024,99.55000305175781,,
LCA,2025,99.58000183105469,,
LKA,2019,,98.5132064819336,
LKA,2022,,99.06436157226562,
LKA,2023,,99.61308288574219,
LSO,2010,59.68000030517578,,
LSO,2011,60.70000076293945,,
LSO,2012,61.72000122070313,,
LSO,2013,62.72000122070313,,
LSO,2014,63.91999816894531,64.9046630859375,0.5359699726104736
LSO,2015,65.37999725341797,,
LSO,2016,67.06999969482422,,
LSO,2017,68.87999725341797,,
LSO,2018,70.62000274658203,79.89167022705078,0.6030200123786926
LSO,2019,72.08000183105469,,
LSO,2020,73.45999908447266,,
LSO,2021,74.80000305175781,,
LSO,2022,76.19000244140625,,
LSO,2023,77.48999786376953,,
LSO,2024,78.68000030517578,87.86820983886719,0.7070500254631042
LSO,2025,79.77999877929688,,
LTU,2010,99.56999969482422,99.33999999999999,
LTU,2011,99.58000183105469,99.535,
LTU,2012,99.58000183105469,99.505,
LTU,2013,99.58999633789062,99.14,
LTU,2014,99.5999984741211,99.22999999999999,
LTU,2015,99.61000061035156,99.39,
LTU,2016,99.61000061035156,99.125,
LTU,2017,99.62000274658203,99.235,
LTU,2018,99.62999725341797,99.535,
LTU,2019,99.62999725341797,99.53,
LTU,2020,99.62999725341797,99.4,
LTU,2021,99.63999938964844,99.54499999999999,
LTU,2022,99.6500015258789,,
LTU,2023,99.66000366210938,,
LTU,2024,99.66000366210938,,
LTU,2025,99.66000366210938,,
LUX,2010,98.47000122070312,,
LUX,2011,98.45999908447266,,
LUX,2012,98.44999694824219,,
LUX,2013,98.44999694824219,,
LUX,2014,98.43000030517578,,
LUX,2015,98.44000244140625,,
LUX,2016,98.45999908447266,,
LUX,2017,98.4800033569336,,
LUX,2018,98.5,,
LUX,2019,98.5199966430664,,
LUX,2020,98.52999877929688,,
LUX,2021,98.55999755859375,98.26,
LUX,2022,98.56999969482422,,
LUX,2023,98.58999633789062,,
LUX,2024,98.5999984741211,,
LUX,2025,98.62000274658203,,
LVA,2010,99.5,98.855,
LVA,2011,99.51000213623047,99.3,
LVA,2012,99.51000213623047,98.985,
LVA,2013,99.51000213623047,99.395,
LVA,2014,99.5199966430664,98.855,
LVA,2015,99.5199966430664,99.33999999999999,
LVA,2016,99.52999877929688,99.61,
LVA,2017,99.54000091552734,99.91499999999999,
LVA,2018,99.55000305175781,99.265,
LVA,2019,99.55000305175781,99.485,
LVA,2020,99.55999755859375,99.53,
LVA,2021,99.56999969482422,99.71,
LVA,2022,99.58000183105469,,
LVA,2023,99.58999633789062,,
LVA,2024,99.58999633789062,,
LVA,2025,99.5999984741211,,
MAR,2010,67.38999938964844,69.39187622070312,
MAR,2011,68.80000305175781,,
MAR,2012,70.12000274658203,,
MAR,2013,71.41999816894531,,
MAR,2014,72.62999725341797,,
MAR,2015,73.87999725341797,,
MAR,2016,75.05999755859375,,
MAR,2017,76.30999755859375,,
MAR,2018,77.43000030517578,,
MAR,2019,78.48999786376953,,
MAR,2020,79.55000305175781,,
MAR,2021,80.63999938964844,,
MAR,2022,81.63999938964844,,
MAR,2023,82.66000366210938,,
MAR,2024,83.6500015258789,,
MAR,2025,84.61000061035156,,
MDA,2010,98.6500015258789,,
MDA,2011,98.66999816894531,,
MDA,2012,98.69999694824219,99.0895004272461,0.9700300097465515
MDA,2013,98.69999694824219,,
MDA,2014,98.72000122070312,,
MDA,2015,98.7300033569336,,
MDA,2016,98.73999786376953,,
MDA,2017,98.75,,
MDA,2018,98.76000213623047,,
MDA,2019,98.7699966430664,,
MDA,2020,98.77999877929688,,
MDA,2021,98.77999877929688,,
MDA,2022,98.80000305175781,,
MDA,2023,98.83000183105469,,
MDA,2024,98.83999633789062,,
MDA,2025,98.8499984741211,,
MDG,2010,43.77999877929688,,
MDG,2011,45.0,,
MDG,2012,45.93000030517578,,
MDG,2013,46.70999908447266,,
MDG,2014,47.31999969482422,,
MDG,2015,48.06000137329102,,
MDG,2016,48.77000045776367,,
MDG,2017,49.45999908447266,,
MDG,2018,50.13000106811523,55.90570068359375,0.1980500072240829
MDG,2019,50.61999893188477,,
MDG,2020,51.18999862670898,,
MDG,2021,51.7400016784668,49.68043899536133,0.1544200032949448
MDG,2022,52.31999969482422,,
MDG,2023,52.97000122070313,,
MDG,2024,53.56000137329102,,
MDG,2025,54.0099983215332,,
MDV,2010,96.9000015258789,,
MDV,2011,97.05000305175781,,
MDV,2012,97.19000244140625,,
MDV,2013,97.33999633789062,,
MDV,2014,97.51000213623047,,
MDV,2015,97.69000244140625,,
MDV,2016,97.87999725341797,,
MDV,2017,98.08000183105469,98.19357299804688,0.965470016002655
MDV,2018,98.2699966430664,,
MDV,2019,98.47000122070312,,
MDV,2020,98.6500015258789,,
MDV,2021,98.81999969482422,,
MDV,2022,98.9800033569336,,
MDV,2023,99.12999725341797,,
MDV,2024,99.25,,
MDV,2025,99.36000061035156,,
MEX,2010,95.37999725341797,95.8,0.9228000000000001
MEX,2011,95.62000274658203,,
MEX,2012,95.87000274658203,96.5,0.9504
MEX,2013,96.13999938964844,,
MEX,2014,96.3499984741211,96.8,0.9434
MEX,2015,96.5199966430664,96.14412689208984,0.9166499972343445
MEX,2016,96.63999938964844,97.7,0.9479000000000001
MEX,2017,96.80000305175781,,
MEX,2018,96.9800033569336,97.9,0.9656999999999999
MEX,2019,97.19999694824219,,
MEX,2020,97.4000015258789,98.0,0.9678
MEX,2021,97.58000183105469,,
MEX,2022,97.73999786376953,98.02821350097656,0.9678
MEX,2023,97.87999725341797,,
MEX,2024,98.02999877929688,97.63330078125,
MEX,2025,98.16000366210938,,
MKD,2010,98.79000091552734,,
MKD,2011,98.86000061035156,99.59779357910156,0.9825500249862671
MKD,2012,98.91999816894531,,
MKD,2013,98.9800033569336,,
MKD,2014,99.02999877929688,,
MKD,2015,99.08999633789062,,
MKD,2016,99.13999938964844,,
MKD,2017,99.19999694824219,,
MKD,2018,99.25,98.28050231933594,0.9739000201225281
MKD,2019,99.30000305175781,,
MKD,2020,99.33999633789062,,
MKD,2021,99.38999938964844,,
MKD,2022,99.41999816894531,,
MKD,2023,99.45999908447266,,
MKD,2024,99.48999786376953,,
MKD,2025,99.5199966430664,,
MLI,2010,37.13000106811523,38.05,0.2180550992488861
MLI,2011,38.84999847412109,,
MLI,2012,40.22999954223633,,
MLI,2013,41.29999923706055,42.02967071533203,0.3147099912166595
MLI,2014,42.2400016784668,,
MLI,2015,43.11000061035156,47.19593811035156,0.2526099979877472
MLI,2016,44.0099983215332,,
MLI,2017,44.81999969482422,,
MLI,2018,45.65999984741211,47.16714859008789,0.3242399990558624
MLI,2019,46.45000076293945,,
MLI,2020,47.13999938964844,46.37,0.7578303813934326
MLI,2021,47.65000152587891,,
MLI,2022,48.11000061035156,,
MLI,2023,48.65000152587891,,
MLI,2024,49.31999969482422,47.51028060913086,0.3453699946403503
MLI,2025,50.0099983215332,,
MLT,2010,98.25,,
MLT,2011,98.18000030517578,,
MLT,2012,98.11000061035156,,
MLT,2013,98.04000091552734,,
MLT,2014,98.0,,
MLT,2015,98.0,,
MLT,2016,98.01000213623047,,
MLT,2017,98.02999877929688,,
MLT,2018,98.05000305175781,,
MLT,2019,98.05999755859375,,
MLT,2020,98.08000183105469,,
MLT,2021,98.08999633789062,,
MLT,2022,98.0999984741211,,
MLT,2023,98.11000061035156,,
MLT,2024,98.12000274658203,,
MLT,2025,98.13999938964844,,
MMR,2010,63.15999984741211,,
MMR,2011,65.0199966430664,,
MMR,2012,67.52999877929688,,
MMR,2013,70.38999938964844,,
MMR,2014,73.30999755859375,,
MMR,2015,75.97000122070312,,
MMR,2016,78.30000305175781,83.13912963867188,0.6945199966430664
MMR,2017,80.43000030517578,,
MMR,2018,82.23999786376953,,
MMR,2019,83.73999786376953,,
MMR,2020,85.0999984741211,,
MMR,2021,86.18000030517578,,
MMR,2022,87.18000030517578,,
MMR,2023,88.25,,
MMR,2024,89.05000305175781,,
MMR,2025,89.80000305175781,,
MNE,2010,98.51000213623047,,
MNE,2011,98.55999755859375,,
MNE,2012,98.61000061035156,,
MNE,2013,98.6500015258789,99.9036865234375,0.9948400259017944
MNE,2014,98.66000366210938,,
MNE,2015,98.68000030517578,,
MNE,2016,98.69000244140625,,
MNE,2017,98.70999908447266,,
MNE,2018,98.7300033569336,96.52870178222656,0.8902300000190735
MNE,2019,98.76000213623047,,
MNE,2020,98.77999877929688,,
MNE,2021,98.80000305175781,,
MNE,2022,98.81999969482422,,
MNE,2023,98.8499984741211,,
MNE,2024,98.87000274658203,,
MNE,2025,98.88999938964844,,
MNG,2010,96.33000183105469,96.52,0.8949999809265137
MNG,2011,96.97000122070312,,
MNG,2012,97.4800033569336,,
MNG,2013,97.88999938964844,,
MNG,2014,98.22000122070312,97.89996337890625,0.9561499953269958
MNG,2015,98.5,,
MNG,2016,98.70999908447266,,
MNG,2017,98.9000015258789,,
MNG,2018,99.05999755859375,98.59095001220703,0.9690799713134766
MNG,2019,99.19999694824219,,
MNG,2020,99.31999969482422,97.47892761230469,
MNG,2021,99.41000366210938,,
MNG,2022,99.51000213623047,,
MNG,2023,99.58000183105469,,
MNG,2024,99.6500015258789,,
MNG,2025,99.70999908447266,,
MOZ,2010,28.40999984741211,,
MOZ,2011,29.43000030517578,41.5330696105957,0.1521099954843521
MOZ,2012,30.3799991607666,,
MOZ,2013,31.23999977111816,,
MOZ,2014,32.04999923706055,,
MOZ,2015,33.0,42.4,0.0775805413722992
MOZ,2016,34.16999816894531,,
MOZ,2017,35.58000183105469,,
MOZ,2018,37.27000045776367,,
MOZ,2019,39.27000045776367,,
MOZ,2020,41.61999893188477,,
MOZ,2021,44.18999862670898,,
MOZ,2022,46.90000152587891,54.359130859375,0.2152799963951111
MOZ,2023,49.2599983215332,,
MOZ,2024,51.56999969482422,,
MOZ,2025,53.52000045776367,,
MRT,2010,38.93000030517578,,
MRT,2011,40.72999954223633,43.93624877929688,0.2191099971532822
MRT,2012,42.36000061035156,,
MRT,2013,43.70999908447266,,
MRT,2014,44.88999938964844,,
MRT,2015,45.77000045776367,57.92465972900391,0.3933599889278412
MRT,2016,46.58000183105469,,
MRT,2017,47.22000122070313,,
MRT,2018,47.77999877929688,,
MRT,2019,48.27000045776367,,
MRT,2020,48.81999969482422,,0.1471495628356934
MRT,2021,49.31999969482422,,
MRT,2022,49.86000061035156,,
MRT,2023,50.41999816894531,,
MRT,2024,51.11999893188477,,
MRT,2025,51.7599983215332,,
MUS,2010,98.88999938964844,,
MUS,2011,99.06999969482422,,
MUS,2012,99.22000122070312,,
MUS,2013,99.33999633789062,,
MUS,2014,99.43000030517578,,
MUS,2015,99.51000213623047,,
MUS,2016,99.58000183105469,,
MUS,2017,99.63999938964844,,
MUS,2018,99.68000030517578,,
MUS,2019,99.7300033569336,,
MUS,2020,99.7699966430664,,
MUS,2021,99.80000305175781,,
MUS,2022,99.83000183105469,,
MUS,2023,99.8499984741211,,
MUS,2024,99.87000274658203,,
MUS,2025,99.88999938964844,,
MWI,2010,45.54999923706055,54.32379150390625,0.4351899921894073
MWI,2011,46.2599983215332,,
MWI,2012,46.9900016784668,,
MWI,2013,47.68000030517578,,
MWI,2014,48.09000015258789,48.07,0.3494575619697571
MWI,2015,48.5,46.75748062133789,0.3469200134277344
MWI,2016,49.08000183105469,,
MWI,2017,49.97999954223633,,
MWI,2018,51.08000183105469,,
MWI,2019,52.29999923706055,,
MWI,2020,53.38000106811523,49.33695983886719,0.3293899893760681
MWI,2021,54.45999908447266,,
MWI,2022,55.33000183105469,,
MWI,2023,56.18999862670898,,
MWI,2024,57.0,,
MWI,2025,57.70999908447266,,
MYS,2010,98.41999816894531,,
MYS,2011,98.5999984741211,,
MYS,2012,98.77999877929688,,
MYS,2013,98.94000244140625,,
MYS,2014,99.08000183105469,,
MYS,2015,99.20999908447266,,
MYS,2016,99.31999969482422,,
MYS,2017,99.41000366210938,,
MYS,2018,99.4800033569336,,
MYS,2019,99.55999755859375,,
MYS,2020,99.62000274658203,,
MYS,2021,99.66000366210938,,
MYS,2022,99.72000122070312,,
MYS,2023,99.76000213623047,,
MYS,2024,99.80000305175781,,
MYS,2025,99.83000183105469,,
NAM,2010,76.97000122070312,,
NAM,2011,77.55999755859375,,
NAM,2012,78.11000061035156,,
NAM,2013,78.68000030517578,83.10977172851562,0.715179979801178
NAM,2014,79.30999755859375,,
NAM,2015,79.98999786376953,87.36,0.8629931211471558
NAM,2016,80.68000030517578,,
NAM,2017,81.31999969482422,,
NAM,2018,82.02999877929688,,
NAM,2019,82.68000030517578,,
NAM,2020,83.31999969482422,,
NAM,2021,83.9800033569336,,
NAM,2022,84.55999755859375,,
NAM,2023,85.1500015258789,,
NAM,2024,85.69999694824219,,
NAM,2025,86.26000213623047,,
NER,2010,26.90999984741211,,
NER,2011,29.52000045776367,,
NER,2012,32.47000122070313,28.34748077392578,0.144909992814064
NER,2013,35.70999908447266,,
NER,2014,39.15999984741211,,
NER,2015,42.79999923706055,,
NER,2016,46.68000030517578,,
NER,2017,50.68000030517578,,
NER,2018,54.70999908447266,28.2785701751709,0.5125067234039307
NER,2019,58.68999862670898,,
NER,2020,62.45000076293945,,
NER,2021,65.91999816894531,,
NER,2022,69.0999984741211,35.80083084106445,
NER,2023,72.16000366210938,,
NER,2024,75.06999969482422,,
NER,2025,77.54000091552734,,
NGA,2010,73.08000183105469,71.57501220703125,
NGA,2011,72.9800033569336,72.61492919921875,0.3249300122261047
NGA,2012,72.97000122070312,,
NGA,2013,73.11000061035156,68.37667083740234,0.2188500016927719
NGA,2014,73.33999633789062,,
NGA,2015,73.62000274658203,,
NGA,2016,73.94000244140625,73.71517181396484,0.3379400074481964
NGA,2017,74.31999969482422,,
NGA,2018,74.69000244140625,70.60356903076172,0.2745299935340881
NGA,2019,75.02999877929688,,
NGA,2020,75.27999877929688,,
NGA,2021,75.58999633789062,73.13899230957031,0.3491100072860718
NGA,2022,75.87000274658203,,
NGA,2023,76.19000244140625,,
NGA,2024,76.47000122070312,77.3650894165039,
NGA,2025,76.79000091552734,,
NIC,2010,67.05999755859375,,
NIC,2011,67.86000061035156,,
NIC,2012,68.62999725341797,,
NIC,2013,69.43000030517578,,
NIC,2014,70.16000366210938,75.2,0.7193999999999999
NIC,2015,70.87999725341797,,
NIC,2016,71.62000274658203,,
NIC,2017,72.31999969482422,,
NIC,2018,73.02999877929688,,
NIC,2019,73.76000213623047,,
NIC,2020,74.41000366210938,,
NIC,2021,75.12999725341797,,
NIC,2022,75.83999633789062,,
NIC,2023,76.5,,
NIC,2024,77.13999938964844,,
NIC,2025,77.7300033569336,,
NLD,2010,99.69999694824219,,
NLD,2011,99.69999694824219,,
NLD,2012,99.69999694824219,,
NLD,2013,99.70999908447266,,
NLD,2014,99.70999908447266,,
NLD,2015,99.72000122070312,,
NLD,2016,99.7300033569336,,
NLD,2017,99.7300033569336,,
NLD,2018,99.73999786376953,,
NLD,2019,99.73999786376953,,
NLD,2020,99.76000213623047,,
NLD,2021,99.7699966430664,,
NLD,2022,99.7699966430664,,
NLD,2023,99.77999877929688,,
NLD,2024,99.79000091552734,,
NLD,2025,99.79000091552734,,
NOR,2010,99.69999694824219,100.0,
NOR,2011,99.69999694824219,100.0,
NOR,2012,99.70999908447266,99.945,
NOR,2013,99.70999908447266,100.0,
NOR,2014,99.70999908447266,99.37,
NOR,2015,99.72000122070312,99.235,
NOR,2016,99.7300033569336,99.75500000000001,
NOR,2017,99.7300033569336,99.035,
NOR,2018,99.73999786376953,99.58,
NOR,2019,99.73999786376953,99.515,
NOR,2020,99.75,99.61,
NOR,2021,99.75,100.0,
NOR,2022,99.76000213623047,,
NOR,2023,99.7699966430664,,
NOR,2024,99.7699966430664,,
NOR,2025,99.77999877929688,,
NPL,2010,64.7300033569336,,
NPL,2011,66.91999816894531,75.22154235839844,0.6198300123214722
NPL,2012,68.98999786376953,,
NPL,2013,70.87999725341797,,
NPL,2014,72.58999633789062,76.22545623779297,0.8090800046920776
NPL,2015,74.22000122070312,,
NPL,2016,75.91000366210938,83.18605041503906,0.8592399954795837
NPL,2017,77.73999786376953,,
NPL,2018,79.73999786376953,,
NPL,2019,81.80999755859375,81.83760070800781,0.7917699813842773
NPL,2020,83.80000305175781,,
NPL,2021,85.61000061035156,86.14209747314453,0.8665800094604492
NPL,2022,87.23999786376953,,
NPL,2023,88.66000366210938,,
NPL,2024,89.83000183105469,,
NPL,2025,90.83000183105469,,
NRU,2010,87.79000091552734,,
NRU,2011,87.86000061035156,,
NRU,2012,87.95999908447266,,
NRU,2013,88.0199966430664,,
NRU,2014,88.02999877929688,,
NRU,2015,88.12999725341797,,
NRU,2016,88.2699966430664,,
NRU,2017,88.41000366210938,,
NRU,2018,88.48999786376953,,
NRU,2019,88.58999633789062,,
NRU,2020,88.6500015258789,,
NRU,2021,88.73999786376953,,
NRU,2022,88.88999938964844,,
NRU,2023,88.98999786376953,90.291259765625,0.949999988079071
NRU,2024,89.06999969482422,,
NRU,2025,89.1500015258789,,
PAK,2010,48.08000183105469,,
PAK,2011,48.84999847412109,,
PAK,2012,49.45999908447266,60.90288925170898,0.2740899920463562
PAK,2013,50.15000152587891,,
PAK,2014,50.77999877929688,,
PAK,2015,51.56000137329102,,
PAK,2016,52.25,,
PAK,2017,52.93000030517578,,
PAK,2018,53.72999954223633,59.66225814819336,0.3104900121688843
PAK,2019,54.56000137329102,,
PAK,2020,55.41999816894531,,
PAK,2021,56.22000122070313,60.06523132324219,
PAK,2022,56.9900016784668,,
PAK,2023,57.88000106811523,,
PAK,2024,58.65999984741211,,
PAK,2025,59.45999908447266,,
PAN,2010,92.58999633789062,92.2101821899414,
PAN,2011,92.87999725341797,92.5,0.8337
PAN,2012,93.11000061035156,,
PAN,2013,93.27999877929688,94.8,0.9041
PAN,2014,93.44999694824219,95.3,0.8859999999999999
PAN,2015,93.5999984741211,95.2,0.8756
PAN,2016,93.7699966430664,96.6,0.9227
PAN,2017,93.93000030517578,96.7,0.9179
PAN,2018,94.08000183105469,96.6,0.9177
PAN,2019,94.2300033569336,97.4,0.927
PAN,2020,94.38999938964844,,
PAN,2021,94.55000305175781,96.9,0.9297
PAN,2022,94.69999694824219,97.4,0.9517
PAN,2023,94.83999633789062,97.3,0.941
PAN,2024,94.9800033569336,,
PAN,2025,95.13999938964844,,
PER,2010,91.66000366210938,93.5,0.8773000000000001
PER,2011,92.12000274658203,93.8,0.9157
PER,2012,92.58999633789062,95.4,0.9118999999999999
PER,2013,93.08999633789062,95.6,0.9167000000000001
PER,2014,93.76000213623047,95.7,0.9213
PER,2015,94.52999877929688,96.7,0.9504
PER,2016,95.30000305175781,96.4,0.9347
PER,2017,95.93000030517578,97.2,0.9506999999999999
PER,2018,96.4000015258789,97.4,0.9479000000000001
PER,2019,96.75,97.4,0.9616
PER,2020,97.02999877929688,98.1,0.9769
PER,2021,97.27999877929688,97.8,0.9948999999999999
PER,2022,97.5199966430664,98.3,0.9739
PER,2023,97.7300033569336,98.6,0.9869
PER,2024,97.91999816894531,98.99315643310547,
PER,2025,98.0999984741211,,
PHL,2010,86.73999786376953,86.7674789428711,
PHL,2011,87.38999938964844,,
PHL,2012,88.05000305175781,,
PHL,2013,88.76000213623047,87.45,0.6909683346748352
PHL,2014,89.55000305175781,,
PHL,2015,90.41999816894531,,
PHL,2016,91.30000305175781,,
PHL,2017,92.1500015258789,91.91800689697266,0.7991300225257874
PHL,2018,92.88999938964844,,
PHL,2019,93.5999984741211,,
PHL,2020,94.22000122070312,,
PHL,2021,94.79000091552734,,
PHL,2022,95.25,95.84542083740234,0.8909800052642822
PHL,2023,95.61000061035156,,
PHL,2024,95.91000366210938,,
PHL,2025,96.18000030517578,,
PNG,2010,57.38999938964844,,
PNG,2011,58.25,,
PNG,2012,59.11999893188477,,
PNG,2013,59.83000183105469,,
PNG,2014,60.47000122070313,,
PNG,2015,61.0099983215332,,
PNG,2016,61.4900016784668,,
PNG,2017,61.93000030517578,,
PNG,2018,62.38999938964844,61.14408874511719,0.4532600045204163
PNG,2019,62.90000152587891,,
PNG,2020,63.36000061035156,,
PNG,2021,63.90999984741211,,
PNG,2022,64.44000244140625,67.61,
PNG,2023,64.97000122070312,,
PNG,2024,65.5199966430664,,
PNG,2025,65.9800033569336,,
POL,2010,99.55999755859375,99.13499999999999,
POL,2011,99.55000305175781,99.185,
POL,2012,99.55000305175781,99.16,
POL,2013,99.55999755859375,99.02,
POL,2014,99.56999969482422,99.065,
POL,2015,99.58999633789062,99.195,
POL,2016,99.5999984741211,99.295,
POL,2017,99.61000061035156,99.5,
POL,2018,99.62999725341797,99.27,
POL,2019,99.62999725341797,99.235,
POL,2020,99.63999938964844,98.085,
POL,2021,99.63999938964844,,
POL,2022,99.6500015258789,,
POL,2023,99.6500015258789,,
POL,2024,99.66000366210938,,
POL,2025,99.66999816894531,,
PRI,2010,,99.38301849365234,
PRI,2022,,99.75121307373047,
PRI,2023,,98.8778076171875,
PRI,2024,,98.89444732666016,
PRT,2010,99.1500015258789,,
PRT,2011,99.16999816894531,,
PRT,2012,99.19999694824219,,
PRT,2013,99.25,,
PRT,2014,99.27999877929688,,
PRT,2015,99.30999755859375,,
PRT,2016,99.33999633789062,,
PRT,2017,99.37000274658203,,
PRT,2018,99.38999938964844,,
PRT,2019,99.41000366210938,98.11999999999999,
PRT,2020,99.41999816894531,98.225,
PRT,2021,99.43000030517578,99.325,
PRT,2022,99.44000244140625,,
PRT,2023,99.44999694824219,,
PRT,2024,99.47000122070312,,
PRT,2025,99.4800033569336,,
PRY,2010,88.55000305175781,87.1,0.7967
PRY,2011,89.16999816894531,89.3,0.8484
PRY,2012,89.80000305175781,88.7,0.8020999999999999
PRY,2013,90.37000274658203,90.6,0.882
PRY,2014,90.91999816894531,89.6,0.8619
PRY,2015,91.44000244140625,90.6,0.8197
PRY,2016,91.91999816894531,92.16062927246094,0.8198300004005432
PRY,2017,92.33999633789062,90.8,0.8497
PRY,2018,92.69999694824219,93.8,0.9188
PRY,2019,93.05000305175781,94.31201934814453,0.9118599891662598
PRY,2020,93.38999938964844,94.5,0.9213
PRY,2021,93.72000122070312,95.9,0.9481999999999999
PRY,2022,94.05000305175781,96.0,0.9392
PRY,2023,94.37000274658203,96.1,0.9456
PRY,2024,94.6500015258789,96.81036376953125,0.9562699794769287
PRY,2025,94.94000244140625,,
PSE,2010,99.0,98.78,0.9716924428939819
PSE,2011,99.0199966430664,,
PSE,2012,99.05999755859375,,
PSE,2013,99.0999984741211,,
PSE,2014,99.16000366210938,99.11888122558594,0.9943100214004517
PSE,2015,99.20999908447266,,
PSE,2016,99.26000213623047,,
PSE,2017,99.30999755859375,99.03,1.027273654937744
PSE,2018,99.36000061035156,,
PSE,2019,99.4000015258789,99.45809936523438,0.9943299889564514
PSE,2020,99.44999694824219,,
PSE,2021,99.48999786376953,,
PSE,2022,99.52999877929688,,
PSE,2023,99.55999755859375,,
PSE,2024,99.61000061035156,,
PSE,2025,99.63999938964844,,
QAT,2010,97.47000122070312,,
QAT,2011,97.83999633789062,,
QAT,2012,98.19000244140625,99.02236938476562,
QAT,2013,98.51000213623047,,
QAT,2014,98.80999755859375,,
QAT,2015,99.08000183105469,,
QAT,2016,99.33000183105469,,
QAT,2017,99.52999877929688,,
QAT,2018,99.70999908447266,,
QAT,2019,99.8499984741211,,
QAT,2020,99.94999694824219,,
QAT,2021,99.98999786376953,,
QAT,2022,100.0,,
QAT,2023,100.0,100.0,
QAT,2024,100.0,,
QAT,2025,100.0,,
ROU,2010,98.93000030517578,97.905,
ROU,2011,98.91999816894531,97.975,
ROU,2012,98.91999816894531,98.22999999999999,
ROU,2013,98.94000244140625,98.455,
ROU,2014,98.94999694824219,98.475,
ROU,2015,98.95999908447266,98.09,
ROU,2016,98.9800033569336,98.13499999999999,
ROU,2017,98.98999786376953,97.94500000000001,
ROU,2018,99.0,98.24000000000001,
ROU,2019,99.0199966430664,98.385,
ROU,2020,99.02999877929688,98.19,
ROU,2021,99.02999877929688,98.06,
ROU,2022,99.04000091552734,,
ROU,2023,99.04000091552734,,
ROU,2024,99.05999755859375,,
ROU,2025,99.06999969482422,,
RUS,2010,99.63999938964844,,
RUS,2011,99.6500015258789,,
RUS,2012,99.6500015258789,,
RUS,2013,99.66000366210938,99.81,1.0
RUS,2014,99.66000366210938,,
RUS,2015,99.6500015258789,,
RUS,2016,99.63999938964844,,
RUS,2017,99.63999938964844,,
RUS,2018,99.63999938964844,100.0,
RUS,2019,99.6500015258789,100.0,
RUS,2020,99.66000366210938,99.59,
RUS,2021,99.68000030517578,99.79,
RUS,2022,99.69999694824219,99.76,
RUS,2023,99.70999908447266,,
RUS,2024,99.7300033569336,,
RUS,2025,99.73999786376953,,
RWA,2010,36.36000061035156,39.857421875,0.3405300080776215
RWA,2011,37.65000152587891,,
RWA,2012,38.93000030517578,,
RWA,2013,40.31999969482422,,
RWA,2014,41.88999938964844,,
RWA,2015,43.65000152587891,54.31193161010742,0.4896500110626221
RWA,2016,45.65999984741211,,
RWA,2017,48.08000183105469,,
RWA,2018,50.91999816894531,,
RWA,2019,54.15000152587891,,
RWA,2020,57.41999816894531,62.86059951782227,0.4337300062179565
RWA,2021,60.70999908447266,,
RWA,2022,63.79999923706055,62.68344116210938,
RWA,2023,66.6500015258789,,
RWA,2024,69.33000183105469,,
RWA,2025,71.86000061035156,,
SDN,2010,66.8499984741211,,0.3953729569911957
SDN,2011,67.56999969482422,,
SDN,2012,68.23999786376953,,
SDN,2013,68.87999725341797,,
SDN,2014,69.38999938964844,65.42643737792969,0.4525499939918518
SDN,2015,69.97000122070312,,
SDN,2016,70.44000244140625,,
SDN,2017,70.97000122070312,,
SDN,2018,71.51000213623047,,
SDN,2019,72.12000274658203,,
SDN,2020,72.70999908447266,,
SDN,2021,73.30000305175781,,
SDN,2022,73.83000183105469,,0.4008285999298096
SDN,2023,74.43000030517578,,
SDN,2024,75.02999877929688,,
SDN,2025,75.63999938964844,,
SEN,2010,38.95000076293945,,
SEN,2011,41.38000106811523,39.71852111816406,0.2762799859046936
SEN,2012,43.63000106811523,,
SEN,2013,45.61999893188477,,
SEN,2014,47.22000122070313,50.17,0.3976388275623322
SEN,2015,48.56999969482422,50.24869155883789,0.4339500069618225
SEN,2016,49.68000030517578,51.02436065673828,0.3375000059604645
SEN,2017,50.66999816894531,50.01462936401367,0.3611199855804443
SEN,2018,51.70000076293945,50.84529876708984,0.410400003194809
SEN,2019,52.9900016784668,47.381591796875,0.3514600098133087
SEN,2020,54.65000152587891,,
SEN,2021,56.81999969482422,,
SEN,2022,59.09999847412109,,
SEN,2023,61.45000076293945,52.68000030517578,0.4857099950313568
SEN,2024,63.59000015258789,,
SEN,2025,65.66000366210938,,
SLE,2010,51.70000076293945,59.59999999999999,0.4238838851451874
SLE,2011,53.79999923706055,,
SLE,2012,55.56999969482422,,
SLE,2013,57.09999847412109,66.62422180175781,0.4997400045394897
SLE,2014,58.4900016784668,,
SLE,2015,59.83000183105469,,
SLE,2016,61.09999847412109,,
SLE,2017,62.31000137329102,64.1960220336914,0.3767400085926056
SLE,2018,63.38000106811523,,
SLE,2019,64.26000213623047,69.43415069580078,0.5260400176048279
SLE,2020,64.95999908447266,,
SLE,2021,65.6500015258789,,
SLE,2022,66.48999786376953,,
SLE,2023,67.2300033569336,,
SLE,2024,67.98999786376953,,
SLE,2025,68.80999755859375,,
SLV,2010,83.8499984741211,82.3,0.7173
SLV,2011,84.79000091552734,,
SLV,2012,85.5999984741211,86.2,0.799
SLV,2013,86.31999969482422,87.8,0.8193
SLV,2014,87.0199966430664,88.4,0.8368000000000001
SLV,2015,87.72000122070312,88.5,0.8415
SLV,2016,88.41999816894531,87.9,0.8155
SLV,2017,89.11000061035156,88.3,0.8278
SLV,2018,89.80999755859375,89.7,0.8593000000000001
SLV,2019,90.47000122070312,89.8,0.8863
SLV,2020,91.11000061035156,91.9,0.9154000000000001
SLV,2021,91.68000030517578,90.6,0.8818
SLV,2022,92.20999908447266,90.7,0.9124
SLV,2023,92.73999786376953,91.4,0.8896999999999999
SLV,2024,93.25,,
SLV,2025,93.70999908447266,,
SOM,2010,25.0,,
SOM,2011,25.25,41.18,0.1233015358448029
SOM,2012,25.40999984741211,,
SOM,2013,25.65999984741211,,
SOM,2014,25.81999969482422,,
SOM,2015,26.04000091552734,,
SOM,2016,26.35000038146973,,
SOM,2017,26.54999923706055,,
SOM,2018,26.77000045776367,,
SOM,2019,27.04000091552734,,
SOM,2020,27.29999923706055,,
SOM,2021,27.65999984741211,,
SOM,2022,27.95000076293945,,
SOM,2023,28.21999931335449,49.75421905517578,
SOM,2024,28.5,,
SOM,2025,28.75,,
SRB,2010,99.47000122070312,,
SRB,2011,99.48999786376953,99.95172119140625,0.9971699714660645
SRB,2012,99.51000213623047,,
SRB,2013,99.52999877929688,,
SRB,2014,99.55000305175781,99.30680084228516,0.9601799845695496
SRB,2015,99.56999969482422,,
SRB,2016,99.58999633789062,,
SRB,2017,99.5999984741211,,
SRB,2018,99.61000061035156,,
SRB,2019,99.62999725341797,99.50064849853516,0.9688599705696106
SRB,2020,99.62999725341797,,
SRB,2021,99.63999938964844,,
SRB,2022,99.6500015258789,,
SRB,2023,99.6500015258789,,
SRB,2024,99.66000366210938,,
SRB,2025,99.66000366210938,,
SSD,2010,6.679999828338623,24.6401195526123,0.1421499997377396
SSD,2011,6.789999961853027,,
SSD,2012,6.900000095367432,,
SSD,2013,6.989999771118164,,
SSD,2014,7.059999942779541,,
SSD,2015,7.130000114440918,,
SSD,2016,7.199999809265137,,
SSD,2017,7.289999961853027,,
SSD,2018,7.380000114440918,,
SSD,2019,7.429999828338623,,
SSD,2020,7.5,,
SSD,2021,7.599999904632568,,
SSD,2022,7.679999828338623,,
SSD,2023,7.78000020980835,,
SSD,2024,7.860000133514404,,
SSD,2025,7.940000057220459,,
STP,2010,72.16999816894531,,
STP,2011,75.29000091552734,,
STP,2012,78.04000091552734,,
STP,2013,80.47000122070312,,
STP,2014,82.54000091552734,82.87718200683594,0.753849983215332
STP,2015,84.2699966430664,,
STP,2016,85.7699966430664,,
STP,2017,87.05000305175781,,
STP,2018,88.19000244140625,,
STP,2019,89.22000122070312,87.1497573852539,0.7582799792289734
STP,2020,90.13999938964844,,
STP,2021,91.0,,
STP,2022,91.72000122070312,,
STP,2023,92.41000366210938,,
STP,2024,93.05999755859375,,
STP,2025,93.70999908447266,,
SUR,2010,83.19000244140625,80.11366271972656,0.5270599722862244
SUR,2011,84.4000015258789,,
SUR,2012,85.44000244140625,,
SUR,2013,86.27999877929688,,
SUR,2014,86.94000244140625,,
SUR,2015,87.48999786376953,,
SUR,2016,88.01000213623047,,
SUR,2017,88.5,,
SUR,2018,88.94999694824219,85.5571517944336,0.6930400133132935
SUR,2019,89.33000183105469,,
SUR,2020,89.69999694824219,,
SUR,2021,90.05000305175781,,
SUR,2022,90.37999725341797,92.4639663696289,
SUR,2023,90.68000030517578,,
SUR,2024,91.0,,
SUR,2025,91.29000091552734,,
SVK,2010,99.7300033569336,,
SVK,2011,99.7300033569336,,
SVK,2012,99.73999786376953,,
SVK,2013,99.73999786376953,,
SVK,2014,99.75,,
SVK,2015,99.76000213623047,,
SVK,2016,99.7699966430664,,
SVK,2017,99.7699966430664,,
SVK,2018,99.77999877929688,,
SVK,2019,99.79000091552734,,
SVK,2020,99.79000091552734,,
SVK,2021,99.79000091552734,,
SVK,2022,99.80000305175781,,
SVK,2023,99.80000305175781,,
SVK,2024,99.80999755859375,,
SVK,2025,99.80999755859375,,
SVN,2010,99.44000244140625,99.325,
SVN,2011,99.44000244140625,99.215,
SVN,2012,99.44999694824219,99.075,
SVN,2013,99.44999694824219,99.49,
SVN,2014,99.44000244140625,99.75,
SVN,2015,99.44000244140625,99.785,
SVN,2016,99.44999694824219,99.695,
SVN,2017,99.44999694824219,99.615,
SVN,2018,99.45999908447266,99.485,
SVN,2019,99.47000122070312,99.375,
SVN,2020,99.47000122070312,99.67,
SVN,2021,99.4800033569336,99.665,
SVN,2022,99.4800033569336,,
SVN,2023,99.48999786376953,,
SVN,2024,99.5,,
SVN,2025,99.51000213623047,,
SWE,2010,99.94000244140625,99.675,
SWE,2011,99.93000030517578,99.57000000000001,
SWE,2012,99.93000030517578,99.595,
SWE,2013,99.93000030517578,99.37,
SWE,2014,99.93000030517578,99.03,
SWE,2015,99.93000030517578,98.94500000000001,
SWE,2016,99.91999816894531,98.75500000000001,
SWE,2017,99.93000030517578,98.98,
SWE,2018,99.93000030517578,98.705,
SWE,2019,99.93000030517578,98.42999999999999,
SWE,2020,99.93000030517578,98.63,
SWE,2021,99.94000244140625,99.395,
SWE,2022,99.94000244140625,,
SWE,2023,99.94000244140625,,
SWE,2024,99.94999694824219,,
SWE,2025,99.94999694824219,,
SWZ,2010,65.73999786376953,66.18264770507812,0.5031399726867676
SWZ,2011,67.29000091552734,,
SWZ,2012,68.79000091552734,,
SWZ,2013,70.2699966430664,,
SWZ,2014,71.83999633789062,70.22679901123047,0.5895500183105469
SWZ,2015,73.33000183105469,,
SWZ,2016,74.70999908447266,,
SWZ,2017,75.87999725341797,,
SWZ,2018,77.0,,
SWZ,2019,77.93000030517578,,
SWZ,2020,78.80999755859375,,
SWZ,2021,79.62999725341797,,
SWZ,2022,80.41999816894531,79.69020080566406,0.8023800253868103
SWZ,2023,81.16999816894531,,
SWZ,2024,81.81999969482422,,
SWZ,2025,82.51000213623047,,
SYR,2010,95.83000183105469,,
SYR,2011,96.04000091552734,,
SYR,2012,96.2300033569336,,
SYR,2013,96.41999816894531,,
SYR,2014,96.61000061035156,,
SYR,2015,96.77999877929688,,
SYR,2016,96.94000244140625,,
SYR,2017,97.0999984741211,,
SYR,2018,97.25,,
SYR,2019,97.37999725341797,,
SYR,2020,97.52999877929688,,
SYR,2021,97.6500015258789,,
SYR,2022,97.7699966430664,,
SYR,2023,97.9000015258789,,
SYR,2024,98.01000213623047,,
SYR,2025,98.12000274658203,,
TCA,2019,,98.71131134033203,
TCD,2010,24.73999977111816,27.22,0.2945525348186493
TCD,2011,25.68000030517578,,
TCD,2012,26.54999923706055,,
TCD,2013,27.32999992370605,,
TCD,2014,28.0,27.32146072387695,0.2682099938392639
TCD,2015,28.64999961853027,,
TCD,2016,29.34000015258789,,
TCD,2017,30.11000061035156,,
TCD,2018,31.01000022888184,,
TCD,2019,31.93000030517578,26.90465927124023,0.1625899970531464
TCD,2020,32.86999893188477,,
TCD,2021,33.81000137329102,,
TCD,2022,34.75,,
TCD,2023,35.79999923706055,,
TCD,2024,36.84000015258789,,
TCD,2025,37.84000015258789,,
TGO,2010,58.93999862670898,57.44461059570313,0.365200012922287
TGO,2011,61.22000122070313,,
TGO,2012,63.56000137329102,,
TGO,2013,66.01000213623047,,
TGO,2014,68.63999938964844,61.28725051879883,0.4843400120735168
TGO,2015,71.51000213623047,,
TGO,2016,74.2699966430664,,
TGO,2017,76.69999694824219,79.82733154296875,0.7096899747848511
TGO,2018,78.81999969482422,,
TGO,2019,80.72000122070312,,
TGO,2020,82.33999633789062,,
TGO,2021,83.80999755859375,,
TGO,2022,84.97000122070312,79.05648040771484,
TGO,2023,85.98999786376953,,
TGO,2024,86.95999908447266,,
TGO,2025,87.83000183105469,,
THA,2010,97.30000305175781,,
THA,2011,97.48999786376953,,
THA,2012,97.6500015258789,,
THA,2013,97.80000305175781,98.13520050048828,0.9838399887084961
THA,2014,97.94000244140625,,
THA,2015,98.08999633789062,,
THA,2016,98.2300033569336,98.38452911376953,1.001240015029907
THA,2017,98.37000274658203,,
THA,2018,98.5199966430664,,
THA,2019,98.63999938964844,98.67411041259766,0.9771599769592285
THA,2020,98.76000213623047,,
THA,2021,98.87000274658203,,
THA,2022,98.95999908447266,98.80757141113281,0.9729599952697754
THA,2023,99.05000305175781,,
THA,2024,99.13999938964844,,
THA,2025,99.22000122070312,,
TJK,2010,97.93000030517578,,
TJK,2011,98.05000305175781,,
TJK,2012,98.13999938964844,98.0189437866211,0.9814000129699707
TJK,2013,98.19999694824219,,
TJK,2014,98.2699966430664,,
TJK,2015,98.33000183105469,,
TJK,2016,98.37999725341797,,
TJK,2017,98.44000244140625,98.55718994140625,1.01502001285553
TJK,2018,98.5,,
TJK,2019,98.56999969482422,,
TJK,2020,98.62000274658203,,
TJK,2021,98.66000366210938,,
TJK,2022,98.69999694824219,,
TJK,2023,98.7300033569336,98.9767837524414,0.9914500117301941
TJK,2024,98.7699966430664,,
TJK,2025,98.81999969482422,,
TKM,2010,99.66999816894531,,
TKM,2011,99.66999816894531,,
TKM,2012,99.68000030517578,,
TKM,2013,99.69000244140625,,
TKM,2014,99.70999908447266,,
TKM,2015,99.72000122070312,99.8517074584961,1.0
TKM,2016,99.7300033569336,,
TKM,2017,99.73999786376953,,
TKM,2018,99.75,,
TKM,2019,99.76000213623047,99.35215759277344,0.9950299859046936
TKM,2020,99.7699966430664,,
TKM,2021,99.77999877929688,,
TKM,2022,99.79000091552734,,
TKM,2023,99.80000305175781,,
TKM,2024,99.80999755859375,,
TKM,2025,99.80999755859375,,
TLS,2010,63.90000152587891,,
TLS,2011,65.58999633789062,,
TLS,2012,67.19999694824219,,
TLS,2013,68.62000274658203,,
TLS,2014,69.95999908447266,,
TLS,2015,71.23999786376953,,
TLS,2016,72.4000015258789,80.6861801147461,0.6221399903297424
TLS,2017,73.58000183105469,,
TLS,2018,74.69999694824219,,
TLS,2019,75.83000183105469,,
TLS,2020,76.94000244140625,,
TLS,2021,78.05000305175781,,
TLS,2022,79.0999984741211,,
TLS,2023,80.13999938964844,,
TLS,2024,81.0999984741211,,
TLS,2025,82.06999969482422,,
TON,2010,98.0,,
TON,2011,98.0199966430664,,
TON,2012,98.05000305175781,,
TON,2013,98.08000183105469,,
TON,2014,98.08999633789062,,
TON,2015,98.12000274658203,,
TON,2016,98.1500015258789,,
TON,2017,98.19000244140625,,
TON,2018,98.22000122070312,,
TON,2019,98.25,98.21354675292969,0.9820200204849243
TON,2020,98.27999877929688,,
TON,2021,98.31999969482422,,
TON,2022,98.3499984741211,,
TON,2023,98.37000274658203,,
TON,2024,98.4000015258789,,
TON,2025,98.41999816894531,,
TTO,2010,96.06999969482422,,
TTO,2011,96.12000274658203,93.2859878540039,
TTO,2012,96.23999786376953,,
TTO,2013,96.36000061035156,,
TTO,2014,96.51000213623047,,
TTO,2015,96.66000366210938,,
TTO,2016,96.80999755859375,,
TTO,2017,96.95999908447266,,
TTO,2018,97.16000366210938,,
TTO,2019,97.30999755859375,,
TTO,2020,97.45999908447266,,
TTO,2021,97.62000274658203,,
TTO,2022,97.75,99.10134887695312,0.9746599793434143
TTO,2023,97.8499984741211,,
TTO,2024,97.94000244140625,,
TTO,2025,98.04000091552734,,
TUN,2010,89.41999816894531,,
TUN,2011,90.16000366210938,,
TUN,2012,90.83000183105469,93.9949722290039,0.8355699777603149
TUN,2013,91.44000244140625,,
TUN,2014,92.02999877929688,,
TUN,2015,92.61000061035156,,
TUN,2016,93.1500015258789,,
TUN,2017,93.7300033569336,,
TUN,2018,94.29000091552734,95.09541320800781,0.8863999843597412
TUN,2019,94.80999755859375,,
TUN,2020,95.27999877929688,,
TUN,2021,95.66000366210938,94.02496337890625,0.9120500087738037
TUN,2022,96.01000213623047,,
TUN,2023,96.31999969482422,92.72122192382812,0.8230000138282776
TUN,2024,96.63999938964844,,
TUN,2025,96.93000030517578,,
TUR,2010,93.86000061035156,,
TUR,2011,94.33000183105469,,
TUR,2012,94.66999816894531,,
TUR,2013,95.01000213623047,,
TUR,2014,95.31999969482422,98.49266052246094,0.9670500159263611
TUR,2015,95.63999938964844,,
TUR,2016,95.9800033569336,,
TUR,2017,96.29000091552734,,
TUR,2018,96.62999725341797,97.67,0.9575732946395874
TUR,2019,96.87999725341797,,
TUR,2020,97.1500015258789,,
TUR,2021,97.37999725341797,,
TUR,2022,97.58000183105469,97.7,
TUR,2023,97.73999786376953,,
TUR,2024,97.88999938964844,,
TUR,2025,98.04000091552734,,
TUV,2010,98.27999877929688,,
TUV,2011,98.30999755859375,,
TUV,2012,98.33999633789062,,
TUV,2013,98.37999725341797,,
TUV,2014,98.41999816894531,,
TUV,2015,98.45999908447266,,
TUV,2016,98.48999786376953,,
TUV,2017,98.52999877929688,,
TUV,2018,98.56999969482422,,
TUV,2019,98.5999984741211,100.0,
TUV,2020,98.62999725341797,,
TUV,2021,98.66000366210938,,
TUV,2022,98.69000244140625,,
TUV,2023,98.7300033569336,,
TUV,2024,98.75,,
TUV,2025,98.7699966430664,,
TZA,2010,74.62000274658203,71.18528747558594,0.5536199808120728
TZA,2011,75.48999786376953,,
TZA,2012,75.95999908447266,79.65499877929688,
TZA,2013,75.98999786376953,,
TZA,2014,75.62999725341797,,
TZA,2015,75.05000305175781,79.56450653076172,0.6431900262832642
TZA,2016,74.41000366210938,,
TZA,2017,73.91999816894531,,
TZA,2018,73.69999694824219,74.04855346679688,
TZA,2019,73.75,,
TZA,2020,74.01000213623047,,
TZA,2021,74.41999816894531,,
TZA,2022,74.79000091552734,74.45085144042969,0.4800499975681305
TZA,2023,75.12000274658203,,
TZA,2024,75.4800033569336,,
TZA,2025,75.72000122070312,,
UGA,2010,38.88000106811523,,
UGA,2011,38.47000122070313,39.38338088989258,0.216049998998642
UGA,2012,37.93999862670898,,
UGA,2013,37.25,,
UGA,2014,36.36999893188477,,
UGA,2015,35.29999923706055,,
UGA,2016,34.18999862670898,43.70774078369141,0.2608399987220764
UGA,2017,33.15000152587891,,
UGA,2018,32.34000015258789,,
UGA,2019,31.53000068664551,,
UGA,2020,31.01000022888184,,
UGA,2021,30.67000007629395,,
UGA,2022,30.40999984741211,,
UGA,2023,30.29999923706055,,
UGA,2024,30.35000038146973,38.71136093139648,
UGA,2025,30.39999961853027,,
UKR,2010,99.45999908447266,,
UKR,2011,99.47000122070312,,
UKR,2012,99.4800033569336,,
UKR,2013,99.48999786376953,99.58049011230469,0.9990100264549255
UKR,2014,99.5,,
UKR,2015,99.5,,
UKR,2016,99.51000213623047,,
UKR,2017,99.5199966430664,,
UKR,2018,99.5199966430664,,
UKR,2019,99.5199966430664,,
UKR,2020,99.52999877929688,,
UKR,2021,99.54000091552734,,
UKR,2022,99.54000091552734,,
UKR,2023,99.55000305175781,,
UKR,2024,99.55999755859375,,
UKR,2025,99.55999755859375,,
URY,2010,97.05000305175781,96.2,0.9415
URY,2011,97.1500015258789,97.0,0.9548000000000001
URY,2012,97.23999786376953,96.9,0.9516
URY,2013,97.29000091552734,96.9959487915039,0.9289199709892273
URY,2014,97.3499984741211,97.3,0.9576
URY,2015,97.4000015258789,97.3,0.9617
URY,2016,97.44000244140625,97.9,0.9669
URY,2017,97.51000213623047,98.0,0.9749
URY,2018,97.55000305175781,97.6,0.9689
URY,2019,97.5999984741211,98.1,0.9948999999999999
URY,2020,97.63999938964844,,
URY,2021,97.69000244140625,98.6,0.9840000000000001
URY,2022,97.75,98.9,0.9889
URY,2023,97.83000183105469,98.6,0.9799
URY,2024,97.87999725341797,99.40093231201172,
URY,2025,97.93000030517578,,
USA,2010,99.6500015258789,99.67774200439453,
USA,2011,99.68000030517578,,
USA,2012,99.69999694824219,,
USA,2013,99.72000122070312,99.78,0.9939000010490417
USA,2014,99.73999786376953,,
USA,2015,99.76000213623047,99.66954040527344,
USA,2016,99.77999877929688,99.62431335449219,0.9917835593223572
USA,2017,99.80999755859375,99.66815948486328,
USA,2018,99.83999633789062,98.78,0.9964568018913269
USA,2019,99.87999725341797,99.11,1.004841685295105
USA,2020,99.9000015258789,99.54470825195312,
USA,2021,99.91999816894531,99.5693588256836,
USA,2022,99.94000244140625,99.54934692382812,
USA,2023,99.95999908447266,99.5314712524414,
USA,2024,99.9800033569336,99.5960693359375,
USA,2025,99.98999786376953,,
UZB,2010,99.76000213623047,,
UZB,2011,99.75,,
UZB,2012,99.76000213623047,,
UZB,2013,99.75,,
UZB,2014,99.75,,
UZB,2015,99.75,,
UZB,2016,99.75,,
UZB,2017,99.75,,
UZB,2018,99.76000213623047,,
UZB,2019,99.76000213623047,,
UZB,2020,99.7699966430664,,
UZB,2021,99.7699966430664,,
UZB,2022,99.77999877929688,99.70854187011719,1.001299977302551
UZB,2023,99.79000091552734,,
UZB,2024,99.79000091552734,,
UZB,2025,99.80000305175781,,
VEN,2010,85.86000061035156,92.7,0.9179999999999999
VEN,2011,86.01000213623047,93.7,0.9336
VEN,2012,86.20999908447266,94.2,0.935
VEN,2013,86.37999725341797,94.6,0.9235
VEN,2014,86.51000213623047,94.1,0.9411
VEN,2015,86.62999725341797,,
VEN,2016,86.80000305175781,,
VEN,2017,86.98999786376953,,
VEN,2018,87.13999938964844,,
VEN,2019,87.30999755859375,,
VEN,2020,87.41000366210938,,
VEN,2021,87.54000091552734,,
VEN,2022,87.66999816894531,,
VEN,2023,87.83000183105469,,
VEN,2024,87.93000030517578,,
VEN,2025,88.04000091552734,,
VNM,2010,93.22000122070312,,
VNM,2011,93.37000274658203,95.5280990600586,0.8891299962997437
VNM,2012,93.5999984741211,,
VNM,2013,93.91999816894531,,
VNM,2014,94.36000061035156,96.57266998291016,0.9162700176239014
VNM,2015,94.91999816894531,,
VNM,2016,95.4800033569336,,
VNM,2017,96.01000213623047,,
VNM,2018,96.48999786376953,,
VNM,2019,96.94000244140625,,
VNM,2020,97.3499984741211,,
VNM,2021,97.70999908447266,98.28678131103516,0.9468299746513367
VNM,2022,98.0,,
VNM,2023,98.23999786376953,,
VNM,2024,98.45999908447266,,
VNM,2025,98.62000274658203,,
VUT,2010,77.7699966430664,,
VUT,2011,77.94000244140625,,
VUT,2012,78.0999984741211,,
VUT,2013,78.26000213623047,,
VUT,2014,78.38999938964844,,
VUT,2015,78.55000305175781,,
VUT,2016,78.69000244140625,,
VUT,2017,78.80999755859375,,
VUT,2018,78.95999908447266,,
VUT,2019,79.0999984741211,,
VUT,2020,79.23999786376953,,
VUT,2021,79.38999938964844,,
VUT,2022,79.55000305175781,,
VUT,2023,79.69999694824219,81.456787109375,0.619350016117096
VUT,2024,79.75,,
VUT,2025,79.7699966430664,,
WSM,2010,97.80999755859375,,
WSM,2011,97.87000274658203,,
WSM,2012,97.93000030517578,,
WSM,2013,97.98999786376953,,
WSM,2014,98.05000305175781,,
WSM,2015,98.12000274658203,,
WSM,2016,98.16999816894531,,
WSM,2017,98.20999908447266,,
WSM,2018,98.26000213623047,,
WSM,2019,98.30000305175781,98.07785034179688,0.9937599897384644
WSM,2020,98.3499984741211,,
WSM,2021,98.38999938964844,,
WSM,2022,98.43000030517578,,
WSM,2023,98.45999908447266,,
WSM,2024,98.5,,
WSM,2025,98.52999877929688,,
YEM,2010,60.5099983215332,,
YEM,2011,61.70999908447266,,
YEM,2012,62.65000152587891,,
YEM,2013,63.56999969482422,62.33443832397461,0.3945899903774261
YEM,2014,64.48999786376953,,
YEM,2015,65.51000213623047,,
YEM,2016,66.45999908447266,,
YEM,2017,67.4000015258789,,
YEM,2018,68.23999786376953,,
YEM,2019,69.1500015258789,,
YEM,2020,70.11000061035156,,
YEM,2021,71.06999969482422,,
YEM,2022,72.05000305175781,,
YEM,2023,72.9800033569336,68.13316345214844,0.4477399885654449
YEM,2024,73.87999725341797,,
YEM,2025,74.7699966430664,,
ZAF,2010,92.43000030517578,,
ZAF,2011,92.66000366210938,93.02253723144531,
ZAF,2012,93.01000213623047,,
ZAF,2013,93.43000030517578,,
ZAF,2014,93.9000015258789,,
ZAF,2015,94.3499984741211,,
ZAF,2016,94.69000244140625,96.4602279663086,0.9348499774932861
ZAF,2017,95.0199966430664,,
ZAF,2018,95.30000305175781,,
ZAF,2019,95.5999984741211,,
ZAF,2020,95.87999725341797,97.7682876586914,
ZAF,2021,96.1500015258789,98.04340362548828,
ZAF,2022,96.41000366210938,97.52266693115234,
ZAF,2023,96.66000366210938,97.75180053710938,
ZAF,2024,96.87999725341797,97.56542205810547,
ZAF,2025,97.11000061035156,,
ZMB,2010,66.66999816894531,66.7435302734375,
ZMB,2011,67.4000015258789,,
ZMB,2012,67.80999755859375,,
ZMB,2013,67.98999786376953,74.97740936279297,0.4663200080394745
ZMB,2014,67.9000015258789,,
ZMB,2015,67.68000030517578,,
ZMB,2016,67.33999633789062,,
ZMB,2017,67.12000274658203,,
ZMB,2018,67.05000305175781,72.01863861083984,0.424450010061264
ZMB,2019,67.16999816894531,,
ZMB,2020,67.36000061035156,,
ZMB,2021,67.48999786376953,,
ZMB,2022,67.55000305175781,,
ZMB,2023,67.52999877929688,,
ZMB,2024,67.41000366210938,74.31487274169922,0.4636000096797943
ZMB,2025,67.4000015258789,,
ZWE,2010,84.56999969482422,88.25243377685547,0.7404999732971191
ZWE,2011,84.5199966430664,,
ZWE,2012,84.4800033569336,83.82565307617188,
ZWE,2013,84.55000305175781,,
ZWE,2014,84.76000213623047,86.77,0.7861367464065552
ZWE,2015,85.0,88.07550048828125,0.7559499740600586
ZWE,2016,85.33000183105469,,
ZWE,2017,85.66000366210938,,
ZWE,2018,85.94000244140625,,
ZWE,2019,86.22000122070312,88.80677795410156,0.7927299737930298
ZWE,2020,86.43000030517578,,
ZWE,2021,86.55999755859375,,
ZWE,2022,86.6500015258789,,
ZWE,2023,86.70999908447266,,
ZWE,2024,86.77999877929688,,
ZWE,2025,86.86000061035156,,
